{"believe": ["Paranoid", "Schizoid", "Neuroticism"], "scream": ["Paranoid", "Neuroticism"], "room": ["Paranoid"], "recognise": ["Paranoid", "Neuroticism"], "short": ["Paranoid", "Schizoid"], "hazard": ["Paranoid", "Schizoid", "Neuroticism"], "hit_the_sack": ["Paranoid", "Schizoid"], "stimulate": ["Paranoid", "Schizoid", "Neuroticism"], "roll_in_the_hay": ["Paranoid", "Schizoid", "Neuroticism"], "break_of_serve": ["Paranoid"], "neediness": ["Paranoid", "Neuroticism"], "roam": ["Paranoid"], "hoi_polloi": ["Paranoid", "Neuroticism"], "film": ["Paranoid", "Schizoid", "Neuroticism"], "guy_wire": ["Paranoid", "Neuroticism"], "rain_buckets": ["Paranoid"], "bide": ["Paranoid"], "comfortable": ["Paranoid", "Neuroticism"], "accept": ["Paranoid", "Schizoid", "Neuroticism"], "burst": ["Paranoid"], "add_up": ["Paranoid", "Schizoid", "Neuroticism"], "induce": ["Paranoid", "Schizoid", "Neuroticism"], "protagonist": ["Paranoid", "Schizoid", "Neuroticism"], "pace": ["Paranoid"], "breaking": ["Paranoid"], "presume": ["Paranoid"], "range": ["Paranoid"], "retrieve": ["Paranoid", "Schizoid", "Neuroticism"], "stay": ["Paranoid"], "injure": ["Paranoid"], "call_back": ["Paranoid", "Schizoid", "Neuroticism"], "confabulate": ["Paranoid"], "phone_call": ["Paranoid", "Neuroticism"], "imagine": ["Paranoid", "Schizoid", "Neuroticism"], "put_out": ["Paranoid", "Schizoid"], "metre": ["Paranoid", "Schizoid", "Neuroticism"], "plump": ["Paranoid", "Neuroticism"], "typewriting": ["Paranoid"], "go_against": ["Paranoid"], "bring_forth": ["Paranoid", "Schizoid", "Neuroticism"], "separate": ["Paranoid", "Schizoid", "Neuroticism"], "administer": ["Paranoid", "Schizoid", "Neuroticism"], "have_in_mind": ["Paranoid"], "pose": ["Paranoid", "Schizoid", "Neuroticism"], "Friend": ["Paranoid", "Schizoid", "Neuroticism"], "young_woman": ["Paranoid", "Neuroticism"], "receive": ["Paranoid", "Schizoid", "Neuroticism"], "drop_a_line": ["Paranoid", "Neuroticism"], "jailbreak": ["Paranoid"], "regret": ["Paranoid", "Neuroticism"], "rain_cats_and_dogs": ["Paranoid"], "time": ["Paranoid", "Schizoid", "Neuroticism"], "commodity": ["Paranoid", "Neuroticism"], "write": ["Paranoid", "Neuroticism"], "leave_alone": ["Paranoid", "Neuroticism"], "seed": ["Paranoid", "Schizoid", "Neuroticism"], "solar_day": ["Paranoid", "Schizoid", "Neuroticism"], "spite": ["Paranoid"], "breach": ["Paranoid"], "damage": ["Paranoid"], "come_apart": ["Paranoid"], "severance": ["Paranoid"], "break_up": ["Paranoid", "Neuroticism"], "heap": ["Paranoid", "Schizoid", "Neuroticism"], "operate": ["Paranoid", "Neuroticism"], "inflict": ["Paranoid"], "written_material": ["Paranoid", "Neuroticism"], "Miss": ["Paranoid"], "dead_reckoning": ["Paranoid", "Schizoid"], "differentiate": ["Paranoid"], "omit": ["Paranoid"], "publish": ["Paranoid", "Schizoid", "Neuroticism"], "calendar_week": ["Paranoid"], "twin": ["Paranoid", "Neuroticism"], "vocalize": ["Paranoid"], "tyke": ["Paranoid"], "unspoilt": ["Paranoid", "Neuroticism"], "repent": ["Paranoid"], "bother": ["Paranoid"], "time_to_come": ["Paranoid"], "sense": ["Paranoid", "Schizoid", "Neuroticism"], "endure": ["Paranoid", "Neuroticism"], "type": ["Paranoid"], "split_up": ["Paranoid"], "fourth_dimension": ["Paranoid", "Schizoid", "Neuroticism"], "mountain": ["Paranoid", "Schizoid", "Neuroticism"], "child": ["Paranoid"], "hypothesis": ["Paranoid", "Schizoid"], "parting": ["Paranoid", "Neuroticism"], "public_lecture": ["Paranoid", "Neuroticism"], "get_at": ["Paranoid"], "surroundings": ["Paranoid"], "current": ["Paranoid"], "hold_out": ["Paranoid", "Neuroticism"], "sound": ["Paranoid", "Neuroticism"], "friend": ["Paranoid", "Schizoid", "Neuroticism"], "determine": ["Paranoid", "Schizoid", "Neuroticism"], "cognizance": ["Paranoid"], "townspeople": ["Paranoid"], "strike": ["Paranoid", "Schizoid"], "recall": ["Paranoid", "Schizoid", "Neuroticism"], "severalize": ["Paranoid"], "flavour": ["Paranoid", "Schizoid", "Neuroticism"], "faithful": ["Paranoid", "Neuroticism"], "spate": ["Paranoid", "Schizoid", "Neuroticism"], "mean": ["Paranoid", "Schizoid", "Neuroticism"], "environs": ["Paranoid"], "detriment": ["Paranoid"], "roomie": ["Paranoid"], "fence": ["Paranoid"], "issue_forth": ["Paranoid", "Schizoid", "Neuroticism"], "secretive": ["Paranoid", "Neuroticism"], "kid": ["Paranoid"], "fortune": ["Paranoid", "Schizoid", "Neuroticism"], "suffering": ["Paranoid"], "breakage": ["Paranoid"], "mystify": ["Paranoid", "Schizoid", "Neuroticism"], "for_sure": ["Paranoid"], "meet": ["Paranoid", "Neuroticism"], "flavor": ["Paranoid", "Schizoid", "Neuroticism"], "fault": ["Paranoid"], "Day": ["Paranoid", "Schizoid", "Neuroticism"], "fulfill": ["Paranoid", "Neuroticism"], "cave_in": ["Paranoid"], "circle": ["Paranoid", "Schizoid", "Neuroticism"], "profound": ["Paranoid"], "debate": ["Paranoid"], "perplex": ["Paranoid", "Schizoid", "Neuroticism"], "effective": ["Paranoid", "Neuroticism"], "venture": ["Paranoid", "Schizoid"], "pic": ["Paranoid", "Neuroticism"], "skinny": ["Paranoid", "Neuroticism"], "tour": ["Paranoid", "Neuroticism"], "begin": ["Paranoid", "Schizoid", "Neuroticism"], "roomy": ["Paranoid"], "engagement": ["Paranoid", "Neuroticism"], "surround": ["Paranoid"], "leave_of_absence": ["Paranoid", "Neuroticism"], "fall_in": ["Paranoid", "Neuroticism"], "start": ["Paranoid", "Schizoid", "Neuroticism"], "argue": ["Paranoid"], "portion": ["Paranoid", "Schizoid", "Neuroticism"], "speculation": ["Paranoid", "Schizoid"], "beleaguer": ["Paranoid"], "pain_in_the_ass": ["Paranoid"], "reckon": ["Paranoid", "Schizoid", "Neuroticism"], "expose": ["Paranoid"], "young": ["Paranoid", "Neuroticism"], "nurture": ["Paranoid"], "hateful": ["Paranoid"], "view": ["Paranoid", "Schizoid", "Neuroticism"], "collapse": ["Paranoid", "Neuroticism"], "see": ["Paranoid", "Neuroticism"], "love": ["Paranoid", "Schizoid", "Neuroticism"], "shout": ["Paranoid", "Neuroticism"], "adept": ["Paranoid", "Neuroticism"], "swarm": ["Paranoid"], "Modern": ["Paranoid", "Neuroticism"], "jazz": ["Paranoid", "Schizoid", "Neuroticism"], "go_steady": ["Paranoid"], "beneficial": ["Paranoid", "Neuroticism"], "like": ["Paranoid"], "wear": ["Paranoid", "Schizoid"], "save": ["Paranoid", "Neuroticism"], "offer": ["Paranoid", "Neuroticism"], "nestling": ["Paranoid"], "croak": ["Paranoid", "Neuroticism"], "bed": ["Paranoid", "Schizoid", "Neuroticism"], "nighttime": ["Paranoid", "Neuroticism"], "seize": ["Paranoid"], "assemble": ["Paranoid", "Neuroticism"], "home_plate": ["Paranoid"], "charge_per_unit": ["Paranoid"], "stack": ["Paranoid", "Schizoid", "Neuroticism"], "give": ["Paranoid", "Schizoid", "Neuroticism"], "keep_an_eye_on": ["Paranoid", "Neuroticism"], "hear": ["Paranoid", "Neuroticism"], "bring_up": ["Paranoid"], "hang": ["Paranoid"], "give_ear": ["Paranoid"], "pull_up_stakes": ["Paranoid", "Neuroticism"], "remain": ["Paranoid"], "bruise": ["Paranoid"], "headed": ["Paranoid"], "socio": ["Paranoid", "Schizoid", "Neuroticism"], "trivial": ["Paranoid", "Schizoid"], "function": ["Paranoid", "Neuroticism"], "raw": ["Paranoid", "Neuroticism"], "look_on": ["Paranoid", "Neuroticism"], "weakened": ["Paranoid"], "break": ["Paranoid", "Neuroticism"], "take_for_granted": ["Paranoid"], "unexampled": ["Paranoid", "Neuroticism"], "trauma": ["Paranoid"], "stick": ["Paranoid", "Schizoid", "Neuroticism"], "verbalize": ["Paranoid", "Neuroticism"], "rate": ["Paranoid"], "Old": ["Paranoid", "Neuroticism"], "tiddler": ["Paranoid"], "move": ["Paranoid", "Neuroticism"], "unaired": ["Paranoid", "Neuroticism"], "distinguish": ["Paranoid"], "form": ["Paranoid", "Schizoid", "Neuroticism"], "give_way": ["Paranoid", "Neuroticism"], "certain": ["Paranoid"], "good": ["Paranoid", "Neuroticism"], "realise": ["Paranoid", "Schizoid"], "chew_the_fat": ["Paranoid"], "make_love": ["Paranoid", "Schizoid", "Neuroticism"], "generate": ["Paranoid", "Schizoid", "Neuroticism"], "night": ["Paranoid", "Neuroticism"], "travel_to": ["Paranoid"], "recess": ["Paranoid"], "run_across": ["Paranoid", "Neuroticism"], "make": ["Paranoid", "Schizoid", "Neuroticism"], "converge": ["Paranoid", "Neuroticism"], "fall_apart": ["Paranoid"], "ascertain": ["Paranoid", "Neuroticism"], "couple_up": ["Paranoid"], "champion": ["Paranoid", "Schizoid", "Neuroticism"], "little": ["Paranoid", "Schizoid"], "conk": ["Paranoid", "Neuroticism"], "spirit": ["Paranoid", "Schizoid", "Neuroticism"], "fate": ["Paranoid", "Schizoid", "Neuroticism"], "go_to_bed": ["Paranoid", "Schizoid"], "help_oneself": ["Paranoid", "Neuroticism"], "mean_solar_day": ["Paranoid", "Schizoid", "Neuroticism"], "gap": ["Paranoid"], "fetch": ["Paranoid", "Schizoid", "Neuroticism"], "break_dance": ["Paranoid"], "memorise": ["Paranoid"], "environment": ["Paranoid"], "clock": ["Paranoid", "Schizoid", "Neuroticism"], "learn": ["Paranoid", "Schizoid", "Neuroticism"], "let_on": ["Paranoid"], "injury": ["Paranoid"], "bring_down": ["Paranoid"], "seam": ["Paranoid", "Schizoid"], "footling": ["Paranoid", "Schizoid"], "occur": ["Paranoid", "Schizoid", "Neuroticism"], "die": ["Paranoid", "Neuroticism"], "telephone": ["Paranoid", "Neuroticism"], "disclose": ["Paranoid"], "household": ["Paranoid", "Neuroticism"], "satisfy": ["Paranoid", "Neuroticism"], "cum": ["Paranoid", "Schizoid", "Neuroticism"], "pass_on": ["Paranoid", "Neuroticism"], "authorship": ["Paranoid", "Neuroticism"], "scout": ["Paranoid", "Neuroticism"], "grow": ["Paranoid", "Schizoid", "Neuroticism"], "quell": ["Paranoid"], "recount": ["Paranoid"], "adjoin": ["Paranoid", "Neuroticism"], "hebdomad": ["Paranoid"], "bozo": ["Paranoid", "Neuroticism"], "assort": ["Paranoid", "Schizoid", "Neuroticism"], "transgress": ["Paranoid"], "comparable": ["Paranoid"], "spotter": ["Paranoid", "Neuroticism"], "develop": ["Paranoid", "Schizoid", "Neuroticism"], "upright": ["Paranoid", "Neuroticism"], "closelipped": ["Paranoid", "Neuroticism"], "listing": ["Paranoid"], "discover": ["Paranoid"], "provide": ["Paranoid", "Neuroticism"], "consciousness": ["Paranoid"], "fathom": ["Paranoid"], "sure": ["Paranoid", "Neuroticism"], "pinching": ["Paranoid", "Neuroticism"], "loose": ["Paranoid", "Schizoid", "Neuroticism"], "estimable": ["Paranoid", "Neuroticism"], "allow": ["Paranoid", "Neuroticism"], "promiscuous": ["Paranoid", "Neuroticism"], "deprivation": ["Paranoid", "Neuroticism"], "excursive": ["Paranoid"], "town": ["Paranoid"], "way": ["Paranoid"], "guessing": ["Paranoid", "Schizoid"], "commence": ["Paranoid", "Schizoid", "Neuroticism"], "pour": ["Paranoid"], "admirer": ["Paranoid", "Schizoid", "Neuroticism"], "feel": ["Paranoid", "Schizoid", "Neuroticism"], "fit": ["Paranoid", "Schizoid", "Neuroticism"], "chit": ["Paranoid"], "engender": ["Paranoid", "Schizoid", "Neuroticism"], "foretell": ["Paranoid", "Neuroticism"], "watch": ["Paranoid", "Neuroticism"], "new": ["Paranoid", "Neuroticism"], "pay_off": ["Paranoid", "Schizoid", "Neuroticism"], "ecstasy": ["Paranoid", "Neuroticism"], "opine": ["Paranoid", "Schizoid", "Neuroticism"], "moving_picture": ["Paranoid", "Neuroticism"], "onetime": ["Paranoid", "Neuroticism"], "intend": ["Paranoid", "Schizoid", "Neuroticism"], "fuss": ["Paranoid"], "produce": ["Paranoid", "Schizoid", "Neuroticism"], "pass_away": ["Paranoid", "Neuroticism"], "live": ["Paranoid", "Neuroticism"], "raft": ["Paranoid", "Schizoid", "Neuroticism"], "get_word": ["Paranoid"], "play": ["Paranoid", "Neuroticism"], "overlook": ["Paranoid"], "fix": ["Paranoid", "Schizoid", "Neuroticism"], "future_tense": ["Paranoid"], "come_up": ["Paranoid", "Schizoid", "Neuroticism"], "circumstances": ["Paranoid", "Schizoid", "Neuroticism"], "peach": ["Paranoid", "Neuroticism"], "chat": ["Paranoid"], "pause": ["Paranoid"], "descend": ["Paranoid", "Schizoid", "Neuroticism"], "blackguard": ["Paranoid", "Neuroticism"], "talk": ["Paranoid", "Neuroticism"], "delay": ["Paranoid", "Neuroticism"], "larn": ["Paranoid"], "promise": ["Paranoid", "Neuroticism"], "value": ["Paranoid"], "classify": ["Paranoid", "Schizoid", "Neuroticism"], "arrogate": ["Paranoid"], "grant": ["Paranoid", "Schizoid"], "actualize": ["Paranoid"], "masses": ["Paranoid", "Neuroticism"], "piffling": ["Paranoid", "Schizoid"], "felicitous": ["Paranoid", "Neuroticism"], "pay_heed": ["Paranoid"], "heeled": ["Paranoid", "Neuroticism"], "decease": ["Paranoid", "Neuroticism"], "go_away": ["Paranoid", "Neuroticism"], "motion": ["Paranoid", "Neuroticism"], "prognosticate": ["Paranoid", "Neuroticism"], "list": ["Paranoid", "Neuroticism"], "misfire": ["Paranoid"], "befall": ["Paranoid", "Neuroticism"], "stoppage": ["Paranoid"], "dampen": ["Paranoid", "Schizoid"], "lookout_man": ["Paranoid", "Neuroticism"], "former": ["Paranoid", "Neuroticism"], "mommy": ["Paranoid"], "deal": ["Paranoid", "Schizoid", "Neuroticism"], "surmise": ["Paranoid", "Schizoid"], "flow": ["Paranoid"], "elbow_room": ["Paranoid"], "crawl_in": ["Paranoid", "Schizoid"], "sidereal_day": ["Paranoid", "Schizoid", "Neuroticism"], "bequeath": ["Paranoid", "Neuroticism"], "cast": ["Paranoid"], "utter": ["Paranoid", "Neuroticism"], "taking": ["Paranoid", "Neuroticism"], "assignment": ["Paranoid", "Schizoid"], "fixed": ["Paranoid", "Schizoid", "Neuroticism"], "dish_out": ["Paranoid", "Schizoid", "Neuroticism"], "shift": ["Paranoid"], "harm": ["Paranoid"], "reason": ["Paranoid"], "know": ["Paranoid", "Schizoid", "Neuroticism"], "matter": ["Paranoid", "Schizoid", "Neuroticism"], "course_of_study": ["Paranoid", "Schizoid", "Neuroticism"], "materialize": ["Paranoid", "Neuroticism"], "recollect": ["Paranoid", "Schizoid", "Neuroticism"], "privation": ["Paranoid", "Neuroticism"], "come_about": ["Paranoid", "Neuroticism"], "dance": ["Paranoid"], "stray": ["Paranoid"], "desire": ["Paranoid", "Neuroticism"], "set": ["Paranoid", "Schizoid", "Neuroticism"], "style": ["Paranoid"], "strait": ["Paranoid"], "amaze": ["Paranoid", "Schizoid", "Neuroticism"], "fill_up": ["Paranoid", "Neuroticism"], "advert": ["Paranoid", "Neuroticism"], "abide": ["Paranoid"], "easygoing": ["Paranoid", "Neuroticism"], "succeeding": ["Paranoid"], "pretermit": ["Paranoid"], "rile": ["Paranoid"], "young_lady": ["Paranoid", "Neuroticism"], "yoke": ["Paranoid"], "service": ["Paranoid", "Neuroticism"], "Nox": ["Paranoid", "Neuroticism"], "faulting": ["Paranoid"], "weaken": ["Paranoid"], "birdsong": ["Paranoid", "Neuroticism"], "besiege": ["Paranoid"], "resolve": ["Paranoid"], "evidence": ["Paranoid"], "go_game": ["Paranoid", "Neuroticism"], "cling": ["Paranoid"], "breakout": ["Paranoid"], "straggling": ["Paranoid"], "social_class": ["Paranoid", "Schizoid", "Neuroticism"], "run_short": ["Paranoid", "Neuroticism"], "Night": ["Paranoid", "Neuroticism"], "follow": ["Paranoid", "Schizoid", "Neuroticism"], "serve": ["Paranoid", "Neuroticism"], "today": ["Paranoid", "Schizoid", "Neuroticism"], "sing": ["Paranoid", "Neuroticism"], "feign": ["Paranoid"], "Lot": ["Paranoid", "Schizoid", "Neuroticism"], "poke_fun": ["Paranoid", "Neuroticism"], "tell_apart": ["Paranoid"], "national": ["Paranoid", "Schizoid"], "erupt": ["Paranoid"], "closing": ["Paranoid", "Schizoid", "Neuroticism"], "dissimilar": ["Paranoid"], "mouth": ["Paranoid", "Neuroticism"], "flick": ["Paranoid", "Neuroticism"], "blab": ["Paranoid", "Neuroticism"], "spend": ["Paranoid"], "vex": ["Paranoid", "Schizoid", "Neuroticism"], "typing": ["Paranoid"], "wanton": ["Paranoid", "Neuroticism"], "intellect": ["Paranoid", "Schizoid"], "whirl": ["Paranoid", "Neuroticism"], "day_of_the_month": ["Paranoid"], "approximate": ["Paranoid", "Schizoid"], "violate": ["Paranoid"], "ripe": ["Paranoid", "Neuroticism"], "gravel": ["Paranoid", "Schizoid", "Neuroticism"], "category": ["Paranoid", "Schizoid", "Neuroticism"], "snug": ["Paranoid", "Neuroticism"], "hug_drug": ["Paranoid", "Neuroticism"], "stick_around": ["Paranoid"], "drop": ["Paranoid"], "batch": ["Paranoid", "Schizoid", "Neuroticism"], "path": ["Paranoid"], "impression": ["Paranoid", "Neuroticism"], "state": ["Paranoid", "Neuroticism"], "legal": ["Paranoid"], "dumbfound": ["Paranoid", "Schizoid", "Neuroticism"], "mate": ["Paranoid", "Neuroticism"], "meter": ["Paranoid", "Schizoid", "Neuroticism"], "menage": ["Paranoid", "Neuroticism"], "mint": ["Paranoid", "Schizoid", "Neuroticism"], "drive": ["Paranoid", "Schizoid", "Neuroticism"], "feeling": ["Paranoid", "Schizoid", "Neuroticism"], "come_together": ["Paranoid", "Neuroticism"], "arrive": ["Paranoid", "Schizoid", "Neuroticism"], "bechance": ["Paranoid", "Neuroticism"], "penny": ["Paranoid", "Neuroticism"], "work": ["Paranoid", "Neuroticism"], "verbalise": ["Paranoid", "Neuroticism"], "bonk": ["Paranoid", "Schizoid", "Neuroticism"], "simulate": ["Paranoid"], "previous": ["Paranoid", "Neuroticism"], "be_intimate": ["Paranoid", "Schizoid", "Neuroticism"], "bent": ["Paranoid", "Schizoid"], "leave": ["Paranoid", "Neuroticism"], "compose": ["Paranoid", "Neuroticism"], "have_intercourse": ["Paranoid", "Schizoid", "Neuroticism"], "roll": ["Paranoid", "Schizoid"], "detain": ["Paranoid"], "part": ["Paranoid"], "jaw": ["Paranoid"], "picture": ["Paranoid", "Neuroticism"], "wakeless": ["Paranoid"], "get_around": ["Paranoid"], "look": ["Paranoid", "Schizoid", "Neuroticism"], "average": ["Paranoid"], "plate": ["Paranoid"], "neglect": ["Paranoid"], "pullulate": ["Paranoid"], "tactile_sensation": ["Paranoid", "Neuroticism"], "hump": ["Paranoid", "Schizoid", "Neuroticism"], "forebode": ["Paranoid", "Neuroticism"], "grade": ["Paranoid", "Schizoid", "Neuroticism"], "end": ["Paranoid", "Schizoid", "Neuroticism"], "deliberate": ["Paranoid"], "helper": ["Paranoid", "Neuroticism"], "offend": ["Paranoid", "Neuroticism"], "don": ["Paranoid"], "economic_class": ["Paranoid", "Schizoid", "Neuroticism"], "result": ["Paranoid", "Neuroticism"], "fail": ["Paranoid", "Neuroticism"], "petty": ["Paranoid", "Schizoid"], "require": ["Paranoid", "Schizoid", "Neuroticism"], "weekend": ["Paranoid"], "guy": ["Paranoid", "Neuroticism"], "substantiate": ["Paranoid"], "telephone_call": ["Paranoid", "Neuroticism"], "twelvemonth": ["Paranoid", "Neuroticism"], "gossip": ["Paranoid"], "smash": ["Paranoid", "Neuroticism"], "copulate": ["Paranoid"], "undecomposed": ["Paranoid", "Neuroticism"], "disruption": ["Paranoid"], "expert": ["Paranoid", "Neuroticism"], "get_a_line": ["Paranoid"], "discontinue": ["Paranoid", "Neuroticism"], "New": ["Paranoid", "Neuroticism"], "assistant": ["Paranoid", "Neuroticism"], "extend": ["Paranoid", "Neuroticism"], "sealed": ["Paranoid"], "squall": ["Paranoid", "Neuroticism"], "get_out": ["Paranoid", "Neuroticism"], "erstwhile": ["Paranoid", "Neuroticism"], "mess": ["Paranoid", "Schizoid", "Neuroticism"], "multitude": ["Paranoid", "Neuroticism"], "turn": ["Paranoid", "Schizoid", "Neuroticism"], "suspension": ["Paranoid"], "tight": ["Paranoid", "Neuroticism"], "reasoned": ["Paranoid"], "encounter": ["Paranoid", "Neuroticism"], "Town": ["Paranoid"], "happy": ["Paranoid", "Neuroticism"], "rift": ["Paranoid"], "open_frame": ["Paranoid"], "duty_assignment": ["Paranoid", "Schizoid"], "deficiency": ["Paranoid", "Neuroticism"], "outcry": ["Paranoid", "Neuroticism"], "break_in": ["Paranoid"], "claver": ["Paranoid"], "vocalise": ["Paranoid"], "writing": ["Paranoid", "Neuroticism"], "father": ["Paranoid", "Schizoid", "Neuroticism"], "go_on": ["Paranoid", "Neuroticism"], "tell": ["Paranoid"], "cogitate": ["Paranoid", "Schizoid", "Neuroticism"], "find": ["Paranoid", "Schizoid", "Neuroticism"], "cheeseparing": ["Paranoid", "Neuroticism"], "stop": ["Paranoid", "Schizoid", "Neuroticism"], "tattle": ["Paranoid", "Neuroticism"], "babble_out": ["Paranoid", "Neuroticism"], "assigning": ["Paranoid", "Schizoid"], "contact": ["Paranoid", "Neuroticism"], "smother": ["Paranoid"], "god": ["Paranoid", "Neuroticism"], "heavy": ["Paranoid"], "dark": ["Paranoid", "Neuroticism"], "ridicule": ["Paranoid", "Neuroticism"], "ally": ["Paranoid", "Schizoid", "Neuroticism"], "recrudesce": ["Paranoid"], "anticipate": ["Paranoid", "Neuroticism"], "hour_interval": ["Paranoid", "Schizoid", "Neuroticism"], "dependable": ["Paranoid", "Neuroticism"], "divulge": ["Paranoid"], "take": ["Paranoid", "Schizoid", "Neuroticism"], "sluttish": ["Paranoid", "Neuroticism"], "intermit": ["Paranoid"], "locomote": ["Paranoid", "Neuroticism"], "layer": ["Paranoid", "Schizoid"], "booster": ["Paranoid", "Schizoid", "Neuroticism"], "minor": ["Paranoid"], "intermission": ["Paranoid"], "stopping_point": ["Paranoid", "Schizoid", "Neuroticism"], "mummy": ["Paranoid"], "hitch": ["Paranoid"], "grounded": ["Paranoid"], "sight": ["Paranoid", "Schizoid", "Neuroticism"], "belief": ["Paranoid", "Neuroticism"], "Clarence_Day": ["Paranoid", "Schizoid", "Neuroticism"], "the_likes_of": ["Paranoid"], "closing_curtain": ["Paranoid", "Neuroticism"], "appointment": ["Paranoid", "Schizoid"], "forget": ["Paranoid", "Neuroticism"], "rest_home": ["Paranoid"], "slumber": ["Paranoid"], "annoyance": ["Paranoid"], "circumvent": ["Paranoid"], "agnize": ["Paranoid"], "sustain": ["Paranoid", "Schizoid", "Neuroticism"], "earn": ["Paranoid", "Schizoid"], "draw": ["Paranoid", "Schizoid", "Neuroticism"], "mum": ["Paranoid"], "baffle": ["Paranoid", "Schizoid", "Neuroticism"], "phone": ["Paranoid", "Neuroticism"], "sprawling": ["Paranoid"], "mates": ["Paranoid"], "finish": ["Paranoid", "Schizoid", "Neuroticism"], "call_option": ["Paranoid", "Neuroticism"], "escape": ["Paranoid"], "fare": ["Paranoid", "Schizoid", "Neuroticism"], "duo": ["Paranoid"], "particular_date": ["Paranoid"], "safe": ["Paranoid", "Neuroticism"], "beat": ["Paranoid", "Schizoid", "Neuroticism"], "puzzle": ["Paranoid", "Schizoid", "Neuroticism"], "youngster": ["Paranoid"], "enjoin": ["Paranoid"], "Tell": ["Paranoid"], "couple": ["Paranoid", "Neuroticism"], "merriment": ["Paranoid", "Neuroticism"], "listen": ["Paranoid", "Schizoid"], "finale": ["Paranoid", "Schizoid", "Neuroticism"], "fall": ["Paranoid", "Schizoid", "Neuroticism"], "manner": ["Paranoid"], "newfangled": ["Paranoid", "Neuroticism"], "break_down": ["Paranoid", "Neuroticism"], "border": ["Paranoid"], "missy": ["Paranoid", "Neuroticism"], "hurt": ["Paranoid", "Schizoid"], "sleep": ["Paranoid"], "assume": ["Paranoid", "Schizoid"], "tightlipped": ["Paranoid", "Neuroticism"], "need": ["Paranoid", "Schizoid", "Neuroticism"], "comfy": ["Paranoid"], "get_down": ["Paranoid", "Schizoid", "Neuroticism"], "niggling": ["Paranoid", "Schizoid"], "damp": ["Paranoid"], "piddling": ["Paranoid", "Schizoid"], "leaning": ["Paranoid"], "naming": ["Paranoid", "Schizoid"], "amount": ["Paranoid", "Schizoid", "Neuroticism"], "convey": ["Paranoid", "Schizoid", "Neuroticism"], "thing": ["Paranoid", "Neuroticism"], "bear": ["Paranoid", "Schizoid", "Neuroticism"], "trouble": ["Paranoid"], "aid": ["Paranoid", "Neuroticism"], "actualise": ["Paranoid"], "roommate": ["Paranoid"], "find_out": ["Paranoid", "Neuroticism"], "kip_down": ["Paranoid", "Schizoid"], "fresh": ["Paranoid", "Neuroticism"], "scathe": ["Paranoid"], "prisonbreak": ["Paranoid"], "guess": ["Paranoid", "Schizoid", "Neuroticism"], "lean": ["Paranoid"], "sack_out": ["Paranoid", "Schizoid"], "prison_term": ["Paranoid", "Schizoid", "Neuroticism"], "count": ["Paranoid", "Neuroticism"], "chafe": ["Paranoid"], "crack": ["Paranoid", "Neuroticism"], "mean_value": ["Paranoid"], "chatter": ["Paranoid"], "persist": ["Paranoid"], "luck": ["Paranoid", "Schizoid", "Neuroticism"], "light": ["Paranoid", "Schizoid", "Neuroticism"], "hassle": ["Paranoid"], "recognize": ["Paranoid", "Neuroticism"], "conform_to": ["Paranoid", "Neuroticism"], "skilful": ["Paranoid", "Neuroticism"], "pay_back": ["Paranoid", "Schizoid", "Neuroticism"], "week": ["Paranoid"], "name": ["Paranoid", "Neuroticism"], "care": ["Paranoid"], "ring": ["Paranoid", "Neuroticism"], "pick_up": ["Paranoid"], "rear": ["Paranoid"], "estimate": ["Paranoid", "Schizoid"], "infliction": ["Paranoid"], "consider": ["Paranoid", "Schizoid", "Neuroticism"], "escort": ["Paranoid"], "sentry": ["Paranoid", "Neuroticism"], "snuff_it": ["Paranoid", "Neuroticism"], "close_up": ["Paranoid", "Neuroticism"], "old": ["Paranoid", "Schizoid", "Neuroticism"], "avail": ["Paranoid", "Neuroticism"], "memorize": ["Paranoid"], "ramble": ["Paranoid"], "discursive": ["Paranoid"], "Menachem_Begin": ["Paranoid", "Neuroticism"], "mingy": ["Paranoid"], "spell": ["Paranoid", "Neuroticism"], "supporter": ["Paranoid", "Schizoid", "Neuroticism"], "knowingness": ["Paranoid"], "entail": ["Paranoid"], "stuffy": ["Paranoid", "Neuroticism"], "run": ["Paranoid", "Neuroticism"], "typecast": ["Paranoid"], "attend": ["Paranoid", "Neuroticism"], "entrust": ["Paranoid", "Neuroticism"], "grounds": ["Paranoid"], "scram": ["Paranoid", "Schizoid", "Neuroticism"], "relegate": ["Paranoid"], "foregather": ["Paranoid", "Neuroticism"], "hollo": ["Paranoid", "Neuroticism"], "chance": ["Paranoid", "Neuroticism"], "bump": ["Paranoid", "Neuroticism"], "ilk": ["Paranoid"], "let_out": ["Paranoid"], "infract": ["Paranoid"], "wandering": ["Paranoid"], "winding": ["Paranoid", "Schizoid"], "bottom": ["Paranoid", "Schizoid"], "come_in": ["Paranoid", "Schizoid", "Neuroticism"], "easy": ["Paranoid", "Neuroticism"], "glad": ["Paranoid", "Neuroticism"], "class": ["Paranoid", "Schizoid", "Neuroticism"], "inclination": ["Paranoid"], "smart": ["Paranoid", "Schizoid"], "fulfil": ["Paranoid", "Neuroticism"], "happen": ["Paranoid", "Neuroticism"], "meandering": ["Paranoid"], "go_out": ["Paranoid", "Neuroticism"], "bewilder": ["Paranoid", "Schizoid", "Neuroticism"], "go": ["Paranoid", "Schizoid", "Neuroticism"], "shut": ["Paranoid", "Neuroticism"], "incur": ["Paranoid", "Schizoid", "Neuroticism"], "direction": ["Paranoid", "Neuroticism"], "townsfolk": ["Paranoid"], "passel": ["Paranoid", "Schizoid", "Neuroticism"], "choke": ["Paranoid", "Neuroticism"], "trusted": ["Paranoid"], "blend": ["Paranoid", "Neuroticism"], "ejaculate": ["Paranoid", "Schizoid", "Neuroticism"], "mom": ["Paranoid"], "address": ["Paranoid", "Neuroticism"], "older": ["Paranoid", "Neuroticism"], "assistance": ["Paranoid", "Neuroticism"], "hit_the_hay": ["Paranoid", "Schizoid"], "signify": ["Paranoid"], "shot": ["Paranoid", "Schizoid"], "study": ["Paranoid", "Schizoid", "Neuroticism"], "course_of_instruction": ["Paranoid", "Schizoid", "Neuroticism"], "rank": ["Paranoid"], "fry": ["Paranoid"], "chosen": ["Paranoid", "Neuroticism"], "break_off": ["Paranoid"], "wish": ["Paranoid", "Neuroticism"], "stream": ["Paranoid"], "fashion": ["Paranoid"], "healthy": ["Paranoid"], "song": ["Paranoid", "Neuroticism"], "match": ["Paranoid", "Neuroticism"], "visit": ["Paranoid", "Neuroticism"], "brace": ["Paranoid"], "observe": ["Paranoid", "Neuroticism"], "ruefulness": ["Paranoid", "Neuroticism"], "call_in": ["Paranoid", "Neuroticism"], "unwrap": ["Paranoid"], "let": ["Paranoid", "Schizoid", "Neuroticism"], "sports_meeting": ["Paranoid", "Neuroticism"], "novel": ["Paranoid", "Neuroticism"], "clear": ["Paranoid", "Schizoid"], "small_fry": ["Paranoid"], "hem_in": ["Paranoid"], "decide": ["Paranoid"], "blab_out": ["Paranoid", "Neuroticism"], "ground": ["Paranoid", "Neuroticism"], "dear": ["Paranoid", "Neuroticism"], "lecture": ["Paranoid", "Neuroticism"], "stratum": ["Paranoid", "Schizoid", "Neuroticism"], "honest": ["Paranoid", "Neuroticism"], "vociferation": ["Paranoid", "Neuroticism"], "ending": ["Paranoid", "Schizoid", "Neuroticism"], "year": ["Paranoid", "Schizoid", "Neuroticism"], "adopt": ["Paranoid", "Schizoid"], "arrest": ["Paranoid", "Schizoid", "Neuroticism"], "bid": ["Paranoid", "Neuroticism"], "different": ["Paranoid"], "interrupt": ["Paranoid"], "do_it": ["Paranoid", "Schizoid", "Neuroticism"], "slow": ["Paranoid", "Neuroticism"], "pretend": ["Paranoid", "Schizoid"], "set_out": ["Paranoid", "Schizoid", "Neuroticism"], "palpate": ["Paranoid", "Schizoid", "Neuroticism"], "wound": ["Paranoid"], "regard": ["Paranoid"], "holler": ["Paranoid", "Neuroticism"], "gauge": ["Paranoid", "Schizoid"], "motion_picture": ["Paranoid", "Neuroticism"], "sure_as_shooting": ["Paranoid"], "salutary": ["Paranoid", "Neuroticism"], "Quaker": ["Paranoid", "Schizoid", "Neuroticism"], "same": ["Paranoid"], "weigh": ["Paranoid", "Neuroticism"], "take_up": ["Paranoid", "Schizoid"], "hold_up": ["Paranoid", "Neuroticism"], "picket": ["Paranoid", "Neuroticism"], "smell": ["Paranoid", "Schizoid", "Neuroticism"], "reason_out": ["Paranoid"], "say": ["Paranoid", "Schizoid"], "fling": ["Paranoid", "Neuroticism"], "chaffer": ["Paranoid"], "the_great_unwashed": ["Paranoid", "Neuroticism"], "people": ["Paranoid", "Neuroticism"], "dwelling": ["Paranoid"], "interior": ["Paranoid"], "stay_on": ["Paranoid"], "fuck_off": ["Paranoid", "Schizoid", "Neuroticism"], "voice": ["Paranoid"], "string_up": ["Paranoid"], "reasonableness": ["Paranoid"], "inconvenience": ["Paranoid"], "twosome": ["Paranoid"], "cerebrate": ["Paranoid", "Schizoid", "Neuroticism"], "buy_the_farm": ["Paranoid", "Neuroticism"], "tone": ["Paranoid", "Schizoid", "Neuroticism"], "supposition": ["Paranoid", "Schizoid"], "belong": ["Paranoid", "Neuroticism"], "claim": ["Paranoid", "Schizoid", "Neuroticism"], "township": ["Paranoid"], "perish": ["Paranoid", "Neuroticism"], "break_away": ["Paranoid"], "have_sex": ["Paranoid", "Schizoid", "Neuroticism"], "miss": ["Paranoid", "Neuroticism"], "lose": ["Paranoid", "Neuroticism"], "bust": ["Paranoid"], "capture": ["Paranoid", "Schizoid", "Neuroticism"], "lookout": ["Paranoid", "Neuroticism"], "try": ["Paranoid", "Schizoid", "Neuroticism"], "tactual_sensation": ["Paranoid", "Neuroticism"], "understand": ["Paranoid", "Schizoid"], "gain": ["Paranoid", "Schizoid"], "level": ["Paranoid", "Schizoid", "Neuroticism"], "conjecture": ["Paranoid", "Schizoid"], "four_hours": ["Paranoid", "Schizoid", "Neuroticism"], "call": ["Paranoid", "Neuroticism"], "fracture": ["Paranoid"], "future": ["Paranoid"], "serious": ["Paranoid", "Neuroticism"], "agency": ["Paranoid"], "catch": ["Paranoid", "Schizoid", "Neuroticism"], "watercourse": ["Paranoid"], "think": ["Paranoid", "Schizoid", "Neuroticism"], "exit": ["Paranoid", "Schizoid", "Neuroticism"], "drift": ["Paranoid"], "workweek": ["Paranoid"], "shout_out": ["Paranoid", "Neuroticism"], "inspect": ["Paranoid"], "derive": ["Paranoid", "Schizoid", "Neuroticism"], "finger": ["Paranoid", "Schizoid", "Neuroticism"], "opinion": ["Paranoid", "Schizoid", "Neuroticism"], "tactile_property": ["Paranoid", "Schizoid", "Neuroticism"], "laugh_at": ["Paranoid", "Neuroticism"], "duad": ["Paranoid"], "talking": ["Paranoid", "Neuroticism"], "want": ["Paranoid", "Schizoid", "Neuroticism"], "disoblige": ["Paranoid"], "take_heed": ["Paranoid"], "happy_chance": ["Paranoid"], "heel": ["Paranoid", "Neuroticism"], "go_bad": ["Paranoid", "Neuroticism"], "bring": ["Paranoid", "Schizoid", "Neuroticism"], "composition": ["Paranoid", "Neuroticism"], "founder": ["Paranoid"], "assure": ["Paranoid", "Neuroticism"], "tramp": ["Paranoid"], "take_over": ["Paranoid"], "infer": ["Paranoid", "Schizoid"], "rib": ["Paranoid", "Neuroticism"], "dwelling_house": ["Paranoid"], "cash_in_one's_chips": ["Paranoid", "Neuroticism"], "distribute": ["Paranoid", "Schizoid", "Neuroticism"], "get_going": ["Paranoid", "Neuroticism"], "facilitate": ["Paranoid", "Neuroticism"], "small": ["Paranoid", "Schizoid"], "respectable": ["Paranoid", "Neuroticism"], "slight": ["Paranoid", "Schizoid"], "citizenry": ["Paranoid", "Neuroticism"], "expire": ["Paranoid", "Neuroticism"], "annoy": ["Paranoid"], "blend_in": ["Paranoid", "Neuroticism"], "jest_at": ["Paranoid", "Neuroticism"], "William_Tell": ["Paranoid"], "mode": ["Paranoid"], "playfulness": ["Paranoid", "Neuroticism"], "dispense": ["Paranoid", "Schizoid", "Neuroticism"], "gentle": ["Paranoid", "Neuroticism"], "moving": ["Paranoid", "Neuroticism"], "experience": ["Paranoid", "Schizoid", "Neuroticism"], "close": ["Paranoid", "Schizoid", "Neuroticism"], "stupefy": ["Paranoid", "Schizoid", "Neuroticism"], "survive": ["Paranoid", "Neuroticism"], "penning": ["Paranoid", "Neuroticism"], "number": ["Paranoid", "Schizoid", "Neuroticism"], "expend": ["Paranoid"], "speech_sound": ["Paranoid"], "division": ["Paranoid", "Schizoid", "Neuroticism"], "retire": ["Paranoid", "Schizoid", "Neuroticism"], "sport": ["Paranoid", "Neuroticism"], "impart": ["Paranoid", "Neuroticism"], "help": ["Paranoid", "Neuroticism"], "distress": ["Paranoid"], "last": ["Paranoid", "Schizoid", "Neuroticism"], "cause": ["Paranoid", "Schizoid", "Neuroticism"], "give_away": ["Paranoid"], "close_down": ["Paranoid", "Neuroticism"], "unspoiled": ["Paranoid", "Neuroticism"], "conclusion": ["Paranoid", "Schizoid", "Neuroticism"], "materialise": ["Paranoid", "Neuroticism"], "allot": ["Paranoid", "Schizoid", "Neuroticism"], "fence_in": ["Paranoid"], "teach": ["Paranoid"], "cognisance": ["Paranoid"], "parent": ["Paranoid"], "right_smart": ["Paranoid"], "pair": ["Paranoid", "Neuroticism"], "flock": ["Paranoid", "Schizoid", "Neuroticism"], "imply": ["Paranoid"], "piece_of_writing": ["Paranoid", "Neuroticism"], "nark": ["Paranoid"], "nettle": ["Paranoid"], "narrate": ["Paranoid"], "rag": ["Paranoid"], "cry": ["Paranoid", "Neuroticism"], "plenty": ["Paranoid", "Schizoid", "Neuroticism"], "impose": ["Paranoid"], "conclude": ["Paranoid", "Neuroticism"], "leave_behind": ["Paranoid", "Neuroticism"], "means": ["Paranoid"], "put_on": ["Paranoid"], "total": ["Paranoid", "Schizoid", "Neuroticism"], "guesswork": ["Paranoid", "Schizoid"], "instruct": ["Paranoid"], "committal_to_writing": ["Paranoid", "Neuroticism"], "think_of": ["Paranoid", "Neuroticism"], "confining": ["Paranoid", "Neuroticism"], "fuck": ["Paranoid", "Schizoid", "Neuroticism"], "destiny": ["Paranoid", "Schizoid", "Neuroticism"], "realize": ["Paranoid", "Schizoid"], "clip": ["Paranoid", "Schizoid", "Neuroticism"], "nonplus": ["Paranoid", "Schizoid", "Neuroticism"], "continue": ["Paranoid"], "situated": ["Paranoid", "Schizoid", "Neuroticism"], "sorrow": ["Paranoid", "Neuroticism"], "talk_of_the_town": ["Paranoid", "Neuroticism"], "mickle": ["Paranoid", "Schizoid", "Neuroticism"], "nursing_home": ["Paranoid"], "contract": ["Paranoid", "Schizoid", "Neuroticism"], "soft": ["Paranoid", "Neuroticism"], "movie": ["Paranoid", "Neuroticism"], "take_place": ["Paranoid", "Neuroticism"], "skillful": ["Paranoid", "Neuroticism"], "tike": ["Paranoid"], "adjudicate": ["Paranoid", "Neuroticism"], "yell": ["Paranoid", "Neuroticism"], "order": ["Paranoid", "Schizoid"], "look_at": ["Paranoid", "Schizoid"], "bunch": ["Paranoid", "Schizoid", "Neuroticism"], "place": ["Paranoid", "Schizoid"], "semen": ["Paranoid", "Schizoid", "Neuroticism"], "sham": ["Paranoid"], "do": ["Paranoid", "Schizoid", "Neuroticism"], "airless": ["Paranoid", "Neuroticism"], "irritate": ["Paranoid"], "rupture": ["Paranoid"], "fille": ["Paranoid", "Neuroticism"], "cat": ["Paranoid", "Neuroticism"], "hang_up": ["Paranoid"], "band": ["Paranoid", "Schizoid", "Neuroticism"], "quietus": ["Paranoid"], "acquaintance": ["Paranoid", "Schizoid", "Neuroticism"], "proficient": ["Paranoid", "Neuroticism"], "have_a_go_at_it": ["Paranoid", "Schizoid", "Neuroticism"], "practiced": ["Paranoid", "Neuroticism"], "wad": ["Paranoid", "Schizoid", "Neuroticism"], "bring_in": ["Paranoid", "Schizoid"], "lot": ["Paranoid", "Schizoid", "Neuroticism"], "quite_a_little": ["Paranoid", "Schizoid", "Neuroticism"], "remember": ["Paranoid", "Schizoid", "Neuroticism"], "eternal_rest": ["Paranoid"], "fitting": ["Paranoid", "Neuroticism"], "Guy": ["Paranoid", "Neuroticism"], "pelt": ["Paranoid"], "judge": ["Paranoid", "Schizoid", "Neuroticism"], "turn_in": ["Paranoid", "Schizoid"], "fold": ["Paranoid", "Neuroticism"], "obtain": ["Paranoid", "Schizoid", "Neuroticism"], "in_force": ["Paranoid", "Neuroticism"], "meanspirited": ["Paranoid"], "nap": ["Paranoid"], "pain": ["Paranoid"], "pull_in": ["Paranoid", "Schizoid"], "bankrupt": ["Paranoid"], "rue": ["Paranoid", "Neuroticism"], "way_of_life": ["Paranoid"], "aim": ["Paranoid", "Schizoid", "Neuroticism"], "suffer": ["Paranoid", "Schizoid", "Neuroticism"], "mother": ["Paranoid", "Schizoid", "Neuroticism"], "in_effect": ["Paranoid", "Neuroticism"], "outride": ["Paranoid"], "mammy": ["Paranoid"], "kick_downstairs": ["Paranoid"], "momma": ["Paranoid"], "typewrite": ["Paranoid"], "roast": ["Paranoid", "Neuroticism"], "ramble_on": ["Paranoid"], "picayune": ["Paranoid", "Schizoid"], "acquire": ["Paranoid", "Schizoid", "Neuroticism"], "overleap": ["Paranoid"], "wounded": ["Paranoid"], "touch": ["Paranoid", "Neuroticism"], "travel": ["Paranoid", "Neuroticism"], "interruption": ["Paranoid"], "notion": ["Paranoid", "Neuroticism"], "check": ["Paranoid", "Neuroticism"], "prosperous": ["Paranoid", "Neuroticism"], "levelheaded": ["Paranoid"], "intelligent": ["Paranoid"], "read": ["Paranoid", "Schizoid"], "wishing": ["Paranoid", "Neuroticism"], "nipper": ["Paranoid"], "settle": ["Paranoid"], "ruin": ["Paranoid"], "raise": ["Paranoid"], "lilliputian": ["Paranoid", "Schizoid"], "spill_the_beans": ["Paranoid", "Neuroticism"], "predict": ["Paranoid", "Neuroticism"], "vigil": ["Paranoid", "Neuroticism"], "gaolbreak": ["Paranoid"], "tilt": ["Paranoid"], "respite": ["Paranoid"], "babble": ["Paranoid", "Neuroticism"], "recite": ["Paranoid"], "Begin": ["Paranoid", "Neuroticism"], "pass": ["Paranoid", "Schizoid", "Neuroticism"], "run_into": ["Paranoid", "Neuroticism"], "goodness": ["Paranoid", "Neuroticism"], "domicile": ["Paranoid"], "suppose": ["Paranoid", "Schizoid", "Neuroticism"], "fill": ["Paranoid", "Schizoid", "Neuroticism"], "college": ["Paranoid"], "futurity": ["Paranoid"], "date": ["Paranoid"], "daylight": ["Paranoid", "Schizoid", "Neuroticism"], "depart": ["Paranoid", "Neuroticism"], "break_out": ["Paranoid"], "come": ["Paranoid", "Schizoid", "Neuroticism"], "trade_good": ["Paranoid", "Neuroticism"], "fiddling": ["Paranoid", "Schizoid"], "sire": ["Paranoid", "Schizoid", "Neuroticism"], "home": ["Paranoid", "Neuroticism"], "pot": ["Paranoid", "Schizoid", "Neuroticism"], "take_in": ["Paranoid", "Schizoid", "Neuroticism"], "get_laid": ["Paranoid", "Schizoid", "Neuroticism"], "jog": ["Paranoid"], "become": ["Paranoid", "Schizoid", "Neuroticism"], "anguish": ["Paranoid"], "go_forth": ["Paranoid", "Neuroticism"], "hail": ["Paranoid", "Schizoid", "Neuroticism"], "for_certain": ["Paranoid"], "off": ["Paranoid", "Neuroticism"], "good_deal": ["Paranoid", "Schizoid", "Neuroticism"], "day": ["Paranoid", "Schizoid", "Neuroticism"], "secure": ["Paranoid", "Neuroticism"], "botheration": ["Paranoid"], "demote": ["Paranoid"], "screw": ["Paranoid", "Schizoid", "Neuroticism"], "awareness": ["Paranoid"], "indite": ["Paranoid", "Neuroticism"], "split": ["Paranoid"], "indisputable": ["Paranoid"], "understanding": ["Paranoid"], "course": ["Paranoid", "Schizoid", "Neuroticism"], "halt": ["Paranoid", "Neuroticism"], "palisade": ["Paranoid"], "soften": ["Paranoid"], "pain_in_the_neck": ["Paranoid"], "rest": ["Paranoid"], "proceed": ["Paranoid", "Neuroticism"], "baby": ["Paranoid"], "lead": ["Paranoid", "Schizoid", "Neuroticism"], "honorable": ["Paranoid", "Neuroticism"], "reveal": ["Paranoid"], "eternal_sleep": ["Paranoid"], "picture_show": ["Paranoid", "Neuroticism"], "sentence": ["Paranoid", "Schizoid", "Neuroticism"], "conceive": ["Paranoid", "Schizoid", "Neuroticism"], "pen": ["Paranoid", "Neuroticism"], "duet": ["Paranoid"], "rifle": ["Paranoid", "Neuroticism"], "usurp": ["Paranoid"], "effectual": ["Paranoid"], "secernate": ["Paranoid"], "get": ["Paranoid", "Schizoid", "Neuroticism"], "habitation": ["Paranoid"], "discommode": ["Paranoid"], "peck": ["Paranoid", "Schizoid", "Neuroticism"], "similar": ["Paranoid"], "guy_cable": ["Paranoid", "Neuroticism"], "get_wind": ["Paranoid"], "lack": ["Paranoid", "Neuroticism"], "wander": ["Paranoid", "Schizoid"], "geological_fault": ["Paranoid"], "rambling": ["Paranoid"], "family": ["Paranoid", "Schizoid", "Neuroticism"], "speak": ["Paranoid", "Neuroticism"], "full": ["Paranoid", "Neuroticism"], "beget": ["Paranoid", "Schizoid", "Neuroticism"], "couple_on": ["Paranoid"], "sojourn": ["Paranoid"], "have": ["Paranoid", "Schizoid", "Neuroticism"], "hatful": ["Paranoid", "Schizoid", "Neuroticism"], "gather": ["Paranoid", "Neuroticism"], "prison": ["Paranoid"], "clock_time": ["Paranoid", "Schizoid", "Neuroticism"], "base": ["Paranoid", "Schizoid"], "spill": ["Paranoid", "Schizoid", "Neuroticism"], "rationality": ["Paranoid"], "Call": ["Paranoid", "Neuroticism"], "span": ["Paranoid"], "daytime": ["Paranoid", "Schizoid", "Neuroticism"], "intuitive_feeling": ["Paranoid", "Neuroticism"], "girl": ["Paranoid", "Neuroticism"], "corresponding": ["Paranoid"], "assist": ["Paranoid", "Neuroticism"], "digressive": ["Paranoid"], "call_up": ["Paranoid", "Schizoid", "Neuroticism"], "fun": ["Paranoid", "Neuroticism"], "appease": ["Paranoid"], "designation": ["Paranoid", "Schizoid"], "percentage_point": ["Schizoid"], "practice_session": ["Schizoid"], "password": ["Schizoid"], "hold": ["Schizoid", "Neuroticism"], "idle_words": ["Schizoid"], "Set": ["Schizoid"], "mentation": ["Schizoid"], "script": ["Schizoid"], "Marco_Polo": ["Schizoid"], "rich_person": ["Schizoid", "Neuroticism"], "moisten": ["Schizoid"], "wind": ["Schizoid"], "finish_up": ["Schizoid"], "volume": ["Schizoid"], "pauperization": ["Schizoid"], "exercise_set": ["Schizoid"], "Holy_Writ": ["Schizoid"], "decimal_point": ["Schizoid"], "swim": ["Schizoid"], "ledger": ["Schizoid"], "sic": ["Schizoid"], "penury": ["Schizoid"], "signified": ["Schizoid"], "return": ["Schizoid"], "solidifying": ["Schizoid"], "obligation": ["Schizoid"], "degree": ["Schizoid"], "tie_in": ["Schizoid"], "pointedness": ["Schizoid"], "account_book": ["Schizoid"], "sentiency": ["Schizoid"], "full_stop": ["Schizoid"], "weary": ["Schizoid"], "death": ["Schizoid"], "release": ["Schizoid", "Neuroticism"], "take_away": ["Schizoid"], "charter": ["Schizoid"], "alphabetic_character": ["Schizoid"], "playscript": ["Schizoid"], "text_edition": ["Schizoid"], "complete": ["Schizoid", "Neuroticism"], "emphasize": ["Schizoid"], "hackneyed": ["Schizoid"], "remainder": ["Schizoid"], "exonerate": ["Schizoid"], "articulate": ["Schizoid"], "practise": ["Schizoid"], "record_book": ["Schizoid"], "lease": ["Schizoid"], "worn": ["Schizoid"], "watchword": ["Schizoid", "Neuroticism"], "adjust": ["Schizoid"], "get_in_touch": ["Schizoid"], "text": ["Schizoid"], "channelise": ["Schizoid"], "get_hold_of": ["Schizoid"], "rule_book": ["Schizoid"], "eject": ["Schizoid"], "emphasise": ["Schizoid"], "purse": ["Schizoid"], "good_sense": ["Schizoid"], "smell_out": ["Schizoid"], "pocketbook": ["Schizoid"], "laundry": ["Schizoid"], "naiant": ["Schizoid"], "correct": ["Schizoid"], "culture": ["Schizoid"], "ask": ["Schizoid"], "scan": ["Schizoid"], "coif": ["Schizoid"], "H2O": ["Schizoid"], "coating": ["Schizoid"], "lay": ["Schizoid"], "unloosen": ["Schizoid"], "scent": ["Schizoid"], "remove": ["Schizoid"], "book": ["Schizoid", "Neuroticism"], "cease": ["Schizoid", "Neuroticism"], "coiffure": ["Schizoid"], "link": ["Schizoid", "Neuroticism"], "cook": ["Schizoid"], "rigid": ["Schizoid"], "located": ["Schizoid"], "outlet": ["Schizoid"], "responsibility": ["Schizoid"], "maneuver": ["Schizoid"], "educate": ["Schizoid", "Neuroticism"], "spot": ["Schizoid", "Neuroticism"], "piddle": ["Schizoid"], "hat": ["Schizoid"], "letter_of_the_alphabet": ["Schizoid"], "conduct": ["Schizoid"], "psyche": ["Schizoid"], "washing": ["Schizoid"], "authorize": ["Schizoid"], "sensation": ["Schizoid"], "compass_point": ["Schizoid"], "jade": ["Schizoid"], "gumption": ["Schizoid"], "Word": ["Schizoid"], "nose": ["Schizoid"], "pack": ["Schizoid"], "loss": ["Schizoid"], "crystallise": ["Schizoid"], "dot": ["Schizoid"], "news": ["Schizoid", "Neuroticism"], "button": ["Schizoid"], "vindicated": ["Schizoid"], "clean": ["Schizoid"], "duty": ["Schizoid"], "target": ["Schizoid"], "yield": ["Schizoid"], "exercise": ["Schizoid", "Neuroticism"], "distributor_point": ["Schizoid"], "lift": ["Schizoid"], "fart": ["Schizoid"], "hire": ["Schizoid"], "float": ["Schizoid"], "water_system": ["Schizoid"], "dish": ["Schizoid"], "nothingness": ["Schizoid"], "detail": ["Schizoid"], "show": ["Schizoid", "Neuroticism"], "banal": ["Schizoid"], "wash_drawing": ["Schizoid"], "bailiwick": ["Schizoid", "Neuroticism"], "bit": ["Schizoid", "Neuroticism"], "suitcase": ["Schizoid"], "prepare": ["Schizoid"], "timeworn": ["Schizoid"], "yearn": ["Schizoid"], "feature": ["Schizoid", "Neuroticism"], "bagful": ["Schizoid"], "urine": ["Schizoid"], "commonplace": ["Schizoid"], "drill": ["Schizoid"], "exact": ["Schizoid"], "hardened": ["Schizoid"], "wind_up": ["Schizoid", "Neuroticism"], "groom": ["Schizoid"], "pattern": ["Schizoid"], "machinate": ["Schizoid"], "sacking": ["Schizoid"], "Book": ["Schizoid"], "dismission": ["Schizoid"], "fag": ["Schizoid"], "nous": ["Schizoid"], "stage": ["Schizoid"], "textual_matter": ["Schizoid"], "limit": ["Schizoid"], "percipient": ["Schizoid"], "water": ["Schizoid"], "common_sense": ["Schizoid"], "train": ["Schizoid", "Neuroticism"], "demand": ["Schizoid"], "breaker_point": ["Schizoid"], "bag": ["Schizoid"], "subscribe": ["Schizoid", "Neuroticism"], "accentuate": ["Schizoid"], "necessitate": ["Schizoid"], "mark": ["Schizoid"], "decipherable": ["Schizoid"], "fatigue": ["Schizoid"], "hour": ["Schizoid"], "tired": ["Schizoid"], "sentiment": ["Schizoid"], "bore": ["Schizoid"], "motive": ["Schizoid"], "race": ["Schizoid"], "unite": ["Schizoid", "Neuroticism"], "depicted_object": ["Schizoid"], "arrange": ["Schizoid"], "assoil": ["Schizoid"], "countersign": ["Schizoid"], "let_go_of": ["Schizoid"], "liberation": ["Schizoid"], "water_supply": ["Schizoid"], "take_care": ["Schizoid", "Neuroticism"], "creative_thinker": ["Schizoid"], "tidings": ["Schizoid", "Neuroticism"], "stress": ["Schizoid", "Neuroticism"], "absolved": ["Schizoid"], "pall": ["Schizoid", "Neuroticism"], "ingest": ["Schizoid", "Neuroticism"], "congeal": ["Schizoid"], "have_got": ["Schizoid", "Neuroticism"], "cultivation": ["Schizoid"], "brighten": ["Schizoid"], "net": ["Schizoid"], "unfreeze": ["Schizoid"], "topic": ["Schizoid", "Neuroticism"], "destruction": ["Schizoid"], "sentience": ["Schizoid"], "define": ["Schizoid"], "handout": ["Schizoid"], "pick_out": ["Schizoid"], "bear_in_mind": ["Schizoid"], "organise": ["Schizoid"], "hoist": ["Schizoid"], "weave": ["Schizoid"], "cleared": ["Schizoid"], "tie": ["Schizoid", "Neuroticism"], "commit": ["Schizoid"], "power_point": ["Schizoid"], "own": ["Schizoid", "Neuroticism"], "Logos": ["Schizoid"], "capable": ["Schizoid"], "associate": ["Schizoid"], "go_under": ["Schizoid"], "amused": ["Schizoid"], "placed": ["Schizoid"], "letter": ["Schizoid"], "internet": ["Schizoid"], "sharpen": ["Schizoid", "Neuroticism"], "judgment": ["Schizoid"], "parole": ["Schizoid"], "occupy": ["Schizoid"], "Word_of_God": ["Schizoid"], "piss": ["Schizoid"], "diverted": ["Schizoid"], "swimming": ["Schizoid"], "motivation": ["Schizoid"], "throw": ["Schizoid", "Neuroticism"], "intelligence": ["Schizoid", "Neuroticism"], "get_up": ["Schizoid"], "indigence": ["Schizoid"], "exculpate": ["Schizoid"], "min": ["Schizoid"], "sack": ["Schizoid"], "thinker": ["Schizoid"], "missive": ["Schizoid"], "solve": ["Schizoid", "Neuroticism"], "varsity_letter": ["Schizoid"], "postulate": ["Schizoid"], "expel": ["Schizoid"], "discussion": ["Schizoid"], "illuminate": ["Schizoid"], "twist": ["Schizoid", "Neuroticism"], "wash_away": ["Schizoid"], "minute": ["Schizoid", "Neuroticism"], "old_bag": ["Schizoid"], "terminate": ["Schizoid"], "taper": ["Schizoid"], "washout": ["Schizoid"], "liberate": ["Schizoid"], "specify": ["Schizoid"], "head": ["Schizoid"], "unclouded": ["Schizoid"], "manoeuver": ["Schizoid"], "spillage": ["Schizoid"], "choose": ["Schizoid"], "contain": ["Schizoid", "Neuroticism"], "countersink": ["Schizoid"], "discharge": ["Schizoid", "Neuroticism"], "Holy_Scripture": ["Schizoid"], "clear_up": ["Schizoid"], "end_up": ["Schizoid"], "conversation": ["Schizoid"], "pauperism": ["Schizoid"], "dry_wash": ["Schizoid"], "thinking": ["Schizoid"], "cut": ["Schizoid", "Neuroticism"], "press_release": ["Schizoid"], "dismissal": ["Schizoid"], "idea": ["Schizoid"], "strain": ["Schizoid", "Neuroticism"], "finishing": ["Schizoid"], "acquittance": ["Schizoid"], "determined": ["Schizoid"], "indicate": ["Schizoid"], "betoken": ["Schizoid"], "narrow": ["Schizoid"], "thread": ["Schizoid"], "full_point": ["Schizoid"], "engage": ["Schizoid"], "pocket": ["Schizoid"], "fix_up": ["Schizoid"], "waiter": ["Schizoid"], "payoff": ["Schizoid"], "dependent": ["Schizoid"], "beware": ["Schizoid"], "goal": ["Schizoid"], "channelize": ["Schizoid"], "relinquish": ["Schizoid", "Neuroticism"], "praxis": ["Schizoid"], "devise": ["Schizoid"], "entertained": ["Schizoid"], "emphasis": ["Schizoid"], "thought": ["Schizoid"], "discipline": ["Schizoid", "Neuroticism"], "crystalize": ["Schizoid"], "tenseness": ["Schizoid"], "Scripture": ["Schizoid"], "tip": ["Schizoid"], "flatus": ["Schizoid"], "wind_instrument": ["Schizoid"], "upload": ["Schizoid"], "possess": ["Schizoid", "Neuroticism"], "twine": ["Schizoid"], "expiration": ["Schizoid"], "recitation": ["Schizoid"], "tire": ["Schizoid"], "theme": ["Schizoid"], "touch_base": ["Schizoid"], "firing": ["Schizoid"], "refinement": ["Schizoid"], "subscribe_to": ["Schizoid"], "guide": ["Schizoid"], "udder": ["Schizoid"], "authorise": ["Schizoid"], "apply": ["Schizoid", "Neuroticism"], "farting": ["Schizoid"], "quick": ["Schizoid"], "wreathe": ["Schizoid"], "exculpated": ["Schizoid"], "organize": ["Schizoid"], "proceeds": ["Schizoid"], "malarky": ["Schizoid"], "remnant": ["Schizoid"], "unblock": ["Schizoid"], "brain": ["Schizoid"], "judgement": ["Schizoid"], "laid": ["Schizoid"], "wrap": ["Schizoid"], "give_up": ["Schizoid", "Neuroticism"], "heed": ["Schizoid"], "enlighten": ["Schizoid"], "run_down": ["Schizoid"], "rent": ["Schizoid"], "focus": ["Schizoid", "Neuroticism"], "rinse": ["Schizoid"], "tone_ending": ["Schizoid"], "takings": ["Schizoid"], "curve": ["Schizoid"], "accent": ["Schizoid"], "field": ["Schizoid", "Neuroticism"], "hardening": ["Schizoid"], "going": ["Schizoid"], "breaking_wind": ["Schizoid"], "drown": ["Schizoid"], "plant": ["Schizoid"], "air_current": ["Schizoid"], "Good_Book": ["Schizoid"], "languish": ["Schizoid"], "solidification": ["Schizoid"], "localise": ["Schizoid"], "colligate": ["Schizoid"], "Quran": ["Schizoid"], "vent": ["Schizoid"], "acquit": ["Schizoid"], "use": ["Schizoid"], "confidential_information": ["Schizoid"], "cyberspace": ["Schizoid"], "relate": ["Schizoid", "Neuroticism"], "meander": ["Schizoid"], "connect": ["Schizoid", "Neuroticism"], "irrigate": ["Schizoid"], "elucidate": ["Schizoid"], "involve": ["Schizoid"], "yen": ["Schizoid"], "body_of_water": ["Schizoid"], "bespeak": ["Schizoid"], "malarkey": ["Schizoid"], "plug_into": ["Schizoid"], "launder": ["Schizoid"], "horse_sense": ["Schizoid"], "passing": ["Schizoid"], "submit": ["Schizoid"], "server": ["Schizoid"], "curing": ["Schizoid"], "consume": ["Schizoid", "Neuroticism"], "typeset": ["Schizoid"], "backwash": ["Schizoid"], "manoeuvre": ["Schizoid"], "register": ["Schizoid"], "content": ["Schizoid"], "plug_in": ["Schizoid"], "open": ["Schizoid"], "freeing": ["Schizoid"], "localize": ["Schizoid"], "weewee": ["Schizoid"], "hint": ["Schizoid", "Neuroticism"], "peak": ["Schizoid"], "mind": ["Schizoid"], "exhaust": ["Schizoid"], "Polo": ["Schizoid"], "readiness": ["Schizoid"], "designate": ["Schizoid"], "unloose": ["Schizoid"], "fetch_up": ["Schizoid"], "join": ["Schizoid", "Neuroticism"], "instant": ["Schizoid", "Neuroticism"], "subject_field": ["Schizoid", "Neuroticism"], "trite": ["Schizoid"], "ready": ["Schizoid"], "formulate": ["Schizoid"], "period": ["Schizoid"], "deliver": ["Schizoid", "Neuroticism"], "shoot": ["Schizoid"], "subject": ["Schizoid", "Neuroticism"], "put": ["Schizoid"], "resign": ["Schizoid", "Neuroticism"], "school_text": ["Schizoid"], "charge": ["Schizoid", "Neuroticism"], "fructify": ["Schizoid"], "shopworn": ["Schizoid"], "select": ["Schizoid"], "point": ["Schizoid"], "phrase": ["Schizoid"], "interpret": ["Schizoid"], "persuasion": ["Schizoid"], "ache": ["Schizoid"], "steer": ["Schizoid"], "pee": ["Schizoid"], "stock": ["Schizoid"], "dress": ["Schizoid"], "host": ["Schizoid"], "province": ["Schizoid"], "amuse": ["Schizoid"], "word": ["Schizoid", "Neuroticism"], "lap": ["Schizoid"], "readable": ["Schizoid"], "moment": ["Schizoid", "Neuroticism"], "take_aim": ["Schizoid"], "link_up": ["Schizoid", "Neuroticism"], "primed": ["Schizoid"], "waiver": ["Schizoid"], "practice": ["Schizoid"], "responsibleness": ["Schizoid"], "schoolbook": ["Schizoid"], "sensory_faculty": ["Schizoid"], "defined": ["Schizoid"], "gear_up": ["Schizoid"], "grip": ["Schizoid", "Neuroticism"], "destination": ["Schizoid"], "stage_set": ["Schizoid"], "crystallize": ["Schizoid"], "current_of_air": ["Schizoid"], "field_of_study": ["Schizoid", "Neuroticism"], "free": ["Schizoid"], "Christian_Bible": ["Schizoid"], "carry": ["Schizoid", "Neuroticism"], "aching": ["Schizoid"], "format": ["Schizoid"], "withdraw": ["Schizoid", "Neuroticism"], "direct": ["Schizoid"], "light_up": ["Schizoid"], "intellection": ["Schizoid"], "wash": ["Schizoid"], "birth": ["Schizoid", "Neuroticism"], "mother_wit": ["Schizoid"], "divert": ["Schizoid"], "position": ["Schizoid"], "unmortgaged": ["Schizoid"], "lave": ["Schizoid"], "departure": ["Schizoid"], "washables": ["Schizoid"], "slipstream": ["Schizoid"], "tension": ["Schizoid"], "rehearse": ["Schizoid"], "gunpoint": ["Schizoid"], "textbook": ["Schizoid"], "subjugate": ["Schizoid"], "exonerated": ["Schizoid"], "lavation": ["Schizoid"], "polo": ["Schizoid"], "item": ["Schizoid"], "guinea_pig": ["Schizoid"], "secrete": ["Schizoid"], "admit": ["Schizoid", "Neuroticism"], "rig": ["Schizoid"], "handbag": ["Schizoid"], "record": ["Schizoid"], "crystalise": ["Schizoid"], "unclutter": ["Schizoid"], "dictated": ["Schizoid"], "punctuate": ["Schizoid"], "infinitesimal": ["Schizoid"], "case": ["Schizoid", "Neuroticism"], "point_in_time": ["Schizoid"], "issue": ["Schizoid", "Neuroticism"], "threadbare": ["Schizoid"], "final_stage": ["Schizoid"], "acknowledge": ["Neuroticism"], "fancy": ["Neuroticism"], "accomplished": ["Neuroticism"], "plow": ["Neuroticism"], "appendage": ["Neuroticism"], "run_a_risk": ["Neuroticism"], "adhesion": ["Neuroticism"], "retrograde": ["Neuroticism"], "photo": ["Neuroticism"], "field_of_honor": ["Neuroticism"], "majestic": ["Neuroticism"], "pin": ["Neuroticism"], "lovemaking": ["Neuroticism"], "economize": ["Neuroticism"], "economise": ["Neuroticism"], "pride": ["Neuroticism"], "commemorate": ["Neuroticism"], "focalise": ["Neuroticism"], "put_to_work": ["Neuroticism"], "dreadful": ["Neuroticism"], "draw_back": ["Neuroticism"], "kudos": ["Neuroticism"], "quiver": ["Neuroticism"], "enumerate": ["Neuroticism"], "scrap": ["Neuroticism"], "characterisation": ["Neuroticism"], "depiction": ["Neuroticism"], "system_of_rules": ["Neuroticism"], "deem": ["Neuroticism"], "organization": ["Neuroticism"], "unconscious_process": ["Neuroticism"], "bond_paper": ["Neuroticism"], "mad": ["Neuroticism"], "cutaneous_senses": ["Neuroticism"], "pawl": ["Neuroticism"], "misplace": ["Neuroticism"], "lamentation": ["Neuroticism"], "clasp": ["Neuroticism"], "field_of_operations": ["Neuroticism"], "tan": ["Neuroticism"], "lick": ["Neuroticism"], "memory": ["Neuroticism"], "joint": ["Neuroticism"], "endeavor": ["Neuroticism"], "battleground": ["Neuroticism"], "turning": ["Neuroticism"], "overtake": ["Neuroticism"], "pure": ["Neuroticism"], "belt_down": ["Neuroticism"], "excite": ["Neuroticism"], "delirious": ["Neuroticism"], "bereaved": ["Neuroticism"], "adherence": ["Neuroticism"], "campus": ["Neuroticism"], "combine": ["Neuroticism"], "envision": ["Neuroticism"], "fear": ["Neuroticism"], "sense_of_touch": ["Neuroticism"], "back_away": ["Neuroticism"], "staring": ["Neuroticism"], "icon": ["Neuroticism"], "Greek": ["Neuroticism"], "pledge": ["Neuroticism"], "tingle": ["Neuroticism"], "physical_process": ["Neuroticism"], "ball_over": ["Neuroticism"], "sign": ["Neuroticism"], "poise": ["Neuroticism"], "energise": ["Neuroticism"], "keep_open": ["Neuroticism"], "Hope": ["Neuroticism"], "take_aback": ["Neuroticism"], "surmount": ["Neuroticism"], "love_life": ["Neuroticism"], "field_of_operation": ["Neuroticism"], "detent": ["Neuroticism"], "catch_up_with": ["Neuroticism"], "little_girl": ["Neuroticism"], "masthead": ["Neuroticism"], "prevail": ["Neuroticism"], "detainment": ["Neuroticism"], "nerveless": ["Neuroticism"], "fighting": ["Neuroticism"], "stir_up": ["Neuroticism"], "american": ["Neuroticism"], "participate": ["Neuroticism"], "reverse": ["Neuroticism"], "defend": ["Neuroticism"], "sex": ["Neuroticism"], "thrill": ["Neuroticism"], "fearful": ["Neuroticism"], "take_hold": ["Neuroticism"], "walking": ["Neuroticism"], "walk_of_life": ["Neuroticism"], "firedog": ["Neuroticism"], "frisson": ["Neuroticism"], "distressing": ["Neuroticism"], "scandalise": ["Neuroticism"], "traumatize": ["Neuroticism"], "deform": ["Neuroticism"], "daughter": ["Neuroticism"], "heating": ["Neuroticism"], "centre": ["Neuroticism"], "force_field": ["Neuroticism"], "ane": ["Neuroticism"], "thoroughgoing": ["Neuroticism"], "renounce": ["Neuroticism"], "assurance": ["Neuroticism"], "mental_process": ["Neuroticism"], "jot": ["Neuroticism"], "trail": ["Neuroticism"], "revere": ["Neuroticism"], "Nation": ["Neuroticism"], "de": ["Neuroticism"], "expression": ["Neuroticism"], "peril": ["Neuroticism"], "sprightliness": ["Neuroticism"], "plane": ["Neuroticism"], "visualize": ["Neuroticism"], "sodding": ["Neuroticism"], "outcome": ["Neuroticism"], "astound": ["Neuroticism"], "aggress": ["Neuroticism"], "overwhelm": ["Neuroticism"], "theater_of_operations": ["Neuroticism"], "casual": ["Neuroticism"], "pictorial_matter": ["Neuroticism"], "hold_back": ["Neuroticism"], "bolt_down": ["Neuroticism"], "socialize": ["Neuroticism"], "ignite": ["Neuroticism"], "save_up": ["Neuroticism"], "accommodate": ["Neuroticism"], "living": ["Neuroticism"], "get_the_best": ["Neuroticism"], "horrific": ["Neuroticism"], "prove": ["Neuroticism"], "adjudge": ["Neuroticism"], "James_Bond": ["Neuroticism"], "business_firm": ["Neuroticism"], "hamper": ["Neuroticism"], "arcsecond": ["Neuroticism"], "shake_up": ["Neuroticism"], "terminal_figure": ["Neuroticism"], "summons": ["Neuroticism"], "mite": ["Neuroticism"], "burn_up": ["Neuroticism"], "American_English": ["Neuroticism"], "inspiring": ["Neuroticism"], "keep_back": ["Neuroticism"], "weenie": ["Neuroticism"], "TV": ["Neuroticism"], "hotdog": ["Neuroticism"], "swear_out": ["Neuroticism"], "theatre_of_operations": ["Neuroticism"], "domestic_dog": ["Neuroticism"], "obliterate": ["Neuroticism"], "teacher": ["Neuroticism"], "fact": ["Neuroticism"], "activated": ["Neuroticism"], "bail": ["Neuroticism"], "hot_up": ["Neuroticism"], "soupcon": ["Neuroticism"], "aliveness": ["Neuroticism"], "have_the_best": ["Neuroticism"], "battlefield": ["Neuroticism"], "tridelt": ["Neuroticism"], "move_back": ["Neuroticism"], "full_term": ["Neuroticism"], "endorse": ["Neuroticism"], "chase_after": ["Neuroticism"], "fall_behind": ["Neuroticism"], "blow": ["Neuroticism"], "res_publica": ["Neuroticism"], "piece_of_work": ["Neuroticism"], "bet": ["Neuroticism"], "unadulterated": ["Neuroticism"], "athletic_field": ["Neuroticism"], "risk_of_exposure": ["Neuroticism"], "news_program": ["Neuroticism"], "cargo_hold": ["Neuroticism"], "desktop": ["Neuroticism"], "arrangement": ["Neuroticism"], "tag": ["Neuroticism"], "dispatch": ["Neuroticism"], "skim": ["Neuroticism"], "indorsement": ["Neuroticism"], "energize": ["Neuroticism"], "combat": ["Neuroticism"], "effort": ["Neuroticism"], "sample": ["Neuroticism"], "swag": ["Neuroticism"], "oblige": ["Neuroticism"], "break_apart": ["Neuroticism"], "sting": ["Neuroticism"], "heat_energy": ["Neuroticism"], "idolize": ["Neuroticism"], "deplorable": ["Neuroticism"], "middle": ["Neuroticism"], "articulation": ["Neuroticism"], "stick_to": ["Neuroticism"], "jounce": ["Neuroticism"], "honey": ["Neuroticism"], "column": ["Neuroticism"], "pull_in_one's_horns": ["Neuroticism"], "tint": ["Neuroticism"], "turn_of_events": ["Neuroticism"], "write_up": ["Neuroticism"], "video": ["Neuroticism"], "clangoring": ["Neuroticism"], "bark": ["Neuroticism"], "detention": ["Neuroticism"], "daze": ["Neuroticism"], "flex": ["Neuroticism"], "sag": ["Neuroticism"], "congratulations": ["Neuroticism"], "seem": ["Neuroticism"], "line_of_business": ["Neuroticism"], "speck": ["Neuroticism"], "life_sentence": ["Neuroticism"], "planing_machine": ["Neuroticism"], "impact": ["Neuroticism"], "plume": ["Neuroticism"], "girlfriend": ["Neuroticism"], "image": ["Neuroticism"], "sour": ["Neuroticism"], "star_sign": ["Neuroticism"], "influence": ["Neuroticism"], "foreign": ["Neuroticism"], "terrible": ["Neuroticism"], "matching": ["Neuroticism"], "idiot_box": ["Neuroticism"], "second": ["Neuroticism"], "idolise": ["Neuroticism"], "pull_through": ["Neuroticism"], "consequence": ["Neuroticism"], "pour_down": ["Neuroticism"], "frantic": ["Neuroticism"], "salvage": ["Neuroticism"], "land": ["Neuroticism"], "shock": ["Neuroticism"], "here_and_now": ["Neuroticism"], "doss": ["Neuroticism"], "Carry_Nation": ["Neuroticism"], "endangerment": ["Neuroticism"], "track": ["Neuroticism"], "curb": ["Neuroticism"], "optic": ["Neuroticism"], "adhesiveness": ["Neuroticism"], "outgrowth": ["Neuroticism"], "animation": ["Neuroticism"], "frankfurter": ["Neuroticism"], "visualise": ["Neuroticism"], "screen_background": ["Neuroticism"], "time_lag": ["Neuroticism"], "field_of_force": ["Neuroticism"], "ended": ["Neuroticism"], "terminated": ["Neuroticism"], "retain": ["Neuroticism"], "overpower": ["Neuroticism"], "beloved": ["Neuroticism"], "block": ["Neuroticism"], "organisation": ["Neuroticism"], "pillar": ["Neuroticism"], "bond_certificate": ["Neuroticism"], "redeem": ["Neuroticism"], "female_child": ["Neuroticism"], "worked_up": ["Neuroticism"], "sorrowing": ["Neuroticism"], "wake": ["Neuroticism"], "burn_down": ["Neuroticism"], "Hellenic_language": ["Neuroticism"], "dearest": ["Neuroticism"], "rouse": ["Neuroticism"], "clangor": ["Neuroticism"], "shoot_down": ["Neuroticism"], "important": ["Neuroticism"], "pore": ["Neuroticism"], "import": ["Neuroticism"], "arena": ["Neuroticism"], "sum": ["Neuroticism"], "sue": ["Neuroticism"], "stark": ["Neuroticism"], "background_knowledge": ["Neuroticism"], "view_as": ["Neuroticism"], "sad": ["Neuroticism"], "Leslie_Townes_Hope": ["Neuroticism"], "photograph": ["Neuroticism"], "front": ["Neuroticism"], "plough": ["Neuroticism"], "folk": ["Neuroticism"], "appreciation": ["Neuroticism"], "extend_to": ["Neuroticism"], "hold_open": ["Neuroticism"], "workplace": ["Neuroticism"], "slacken_off": ["Neuroticism"], "pull_away": ["Neuroticism"], "ace": ["Neuroticism"], "story": ["Neuroticism"], "depend": ["Neuroticism"], "depict": ["Neuroticism"], "mansion": ["Neuroticism"], "aroused": ["Neuroticism"], "jar": ["Neuroticism"], "mold": ["Neuroticism"], "Bond": ["Neuroticism"], "theater": ["Neuroticism"], "phone_number": ["Neuroticism"], "act": ["Neuroticism"], "-": ["Neuroticism"], "reverence": ["Neuroticism"], "go_after": ["Neuroticism"], "hideaway": ["Neuroticism"], "aeroplane": ["Neuroticism"], "barge_in": ["Neuroticism"], "obligate": ["Neuroticism"], "flack": ["Neuroticism"], "grieving": ["Neuroticism"], "moderate": ["Neuroticism"], "shivering": ["Neuroticism"], "danger": ["Neuroticism"], "litigate": ["Neuroticism"], "amazing": ["Neuroticism"], "crucial": ["Neuroticism"], "strange": ["Neuroticism"], "set_on": ["Neuroticism"], "sadness": ["Neuroticism"], "system": ["Neuroticism"], "pitiful": ["Neuroticism"], "inflame": ["Neuroticism"], "cushion": ["Neuroticism"], "lay_on_the_line": ["Neuroticism"], "barque": ["Neuroticism"], "carry_through": ["Neuroticism"], "burning": ["Neuroticism"], "struggle": ["Neuroticism"], "skin": ["Neuroticism"], "chase": ["Neuroticism"], "reassure": ["Neuroticism"], "stricken": ["Neuroticism"], "take_part": ["Neuroticism"], "domain": ["Neuroticism"], "scandalize": ["Neuroticism"], "condition": ["Neuroticism"], "domiciliate": ["Neuroticism"], "get_the_better_of": ["Neuroticism"], "astonish": ["Neuroticism"], "delineation": ["Neuroticism"], "pop": ["Neuroticism"], "approach": ["Neuroticism"], "background_signal": ["Neuroticism"], "adventure": ["Neuroticism"], "astonishing": ["Neuroticism"], "focusing": ["Neuroticism"], "commove": ["Neuroticism"], "bereft": ["Neuroticism"], "custody": ["Neuroticism"], "draw_together": ["Neuroticism"], "throw_in": ["Neuroticism"], "operation": ["Neuroticism"], "give_chase": ["Neuroticism"], "harbor": ["Neuroticism"], "narrative": ["Neuroticism"], "heating_plant": ["Neuroticism"], "ram": ["Neuroticism"], "cognitive_process": ["Neuroticism"], "fight": ["Neuroticism"], "assuredness": ["Neuroticism"], "painting": ["Neuroticism"], "expect": ["Neuroticism"], "Twin": ["Neuroticism"], "face": ["Neuroticism"], "hound": ["Neuroticism"], "fight_down": ["Neuroticism"], "routine": ["Neuroticism"], "skin_senses": ["Neuroticism"], "crusade": ["Neuroticism"], "unity": ["Neuroticism"], "fill_in": ["Neuroticism"], "mental_picture": ["Neuroticism"], "dreaded": ["Neuroticism"], "fire_up": ["Neuroticism"], "doss_down": ["Neuroticism"], "procedure": ["Neuroticism"], "ease_up": ["Neuroticism"], "lady_friend": ["Neuroticism"], "shiver": ["Neuroticism"], "predominate": ["Neuroticism"], "putting_to_death": ["Neuroticism"], "looking": ["Neuroticism"], "project": ["Neuroticism"], "click": ["Neuroticism"], "horrid": ["Neuroticism"], "overhaul": ["Neuroticism"], "center": ["Neuroticism"], "lofty": ["Neuroticism"], "dread": ["Neuroticism"], "gamble": ["Neuroticism"], "guard": ["Neuroticism"], "draw_a_blank": ["Neuroticism"], "cool_down": ["Neuroticism"], "outrageous": ["Neuroticism"], "froid": ["Neuroticism"], "concur": ["Neuroticism"], "tower": ["Neuroticism"], "clench": ["Neuroticism"], "bond": ["Neuroticism"], "oestrus": ["Neuroticism"], "floor": ["Neuroticism"], "boob_tube": ["Neuroticism"], "bury": ["Neuroticism"], "fleur": ["Neuroticism"], "clutches": ["Neuroticism"], "awful": ["Neuroticism"], "centering": ["Neuroticism"], "school_day": ["Neuroticism"], "oeuvre": ["Neuroticism"], "cargo_deck": ["Neuroticism"], "pertain": ["Neuroticism"], "weep": ["Neuroticism"], "account": ["Neuroticism"], "woodworking_plane": ["Neuroticism"], "shock_absorber": ["Neuroticism"], "enter": ["Neuroticism"], "similitude": ["Neuroticism"], "render": ["Neuroticism"], "work_out": ["Neuroticism"], "commend": ["Neuroticism"], "flag": ["Neuroticism"], "withstand": ["Neuroticism"], "leave_office": ["Neuroticism"], "take_chances": ["Neuroticism"], "recede": ["Neuroticism"], "attack": ["Neuroticism"], "school": ["Neuroticism"], "fall_by_the_wayside": ["Neuroticism"], "syndicate": ["Neuroticism"], "reassuring": ["Neuroticism"], "dash": ["Neuroticism"], "blow_out_of_the_water": ["Neuroticism"], "event": ["Neuroticism"], "come_to": ["Neuroticism"], "mob": ["Neuroticism"], "history": ["Neuroticism"], "peerless": ["Neuroticism"], "arrant": ["Neuroticism"], "signature": ["Neuroticism"], "planetary_house": ["Neuroticism"], "making_love": ["Neuroticism"], "electric_shock": ["Neuroticism"], "pridefulness": ["Neuroticism"], "second_gear": ["Neuroticism"], "present_moment": ["Neuroticism"], "tv": ["Neuroticism"], "drop_by_the_wayside": ["Neuroticism"], "good_turn": ["Neuroticism"], "alien": ["Neuroticism"], "cargo_area": ["Neuroticism"], "fight_back": ["Neuroticism"], "telecasting": ["Neuroticism"], "exposure": ["Neuroticism"], "orbit": ["Neuroticism"], "gross": ["Neuroticism"], "flying_field": ["Neuroticism"], "take_a_chance": ["Neuroticism"], "unrivalled": ["Neuroticism"], "wassail": ["Neuroticism"], "cry_out": ["Neuroticism"], "taradiddle": ["Neuroticism"], "burn_mark": ["Neuroticism"], "outrage": ["Neuroticism"], "matchless": ["Neuroticism"], "assail": ["Neuroticism"], "lifetime": ["Neuroticism"], "postponement": ["Neuroticism"], "salve": ["Neuroticism"], "figure": ["Neuroticism"], "single": ["Neuroticism"], "touching": ["Neuroticism"], "twinned": ["Neuroticism"], "wait": ["Neuroticism"], "bounder": ["Neuroticism"], "schooling": ["Neuroticism"], "excited": ["Neuroticism"], "try_out": ["Neuroticism"], "identification_number": ["Neuroticism"], "terrorism": ["Neuroticism"], "glow": ["Neuroticism"], "television_set": ["Neuroticism"], "conjoin": ["Neuroticism"], "work_on": ["Neuroticism"], "downplay": ["Neuroticism"], "effect": ["Neuroticism"], "frightening": ["Neuroticism"], "risk": ["Neuroticism"], "heart": ["Neuroticism"], "trace": ["Neuroticism"], "scene": ["Neuroticism"], "support": ["Neuroticism"], "loom": ["Neuroticism"], "playing_area": ["Neuroticism"], "partake": ["Neuroticism"], "focalize": ["Neuroticism"], "walkway": ["Neuroticism"], "unify": ["Neuroticism"], "call_on": ["Neuroticism"], "enjoy": ["Neuroticism"], "erotic_love": ["Neuroticism"], "rallying_cry": ["Neuroticism"], "airplane": ["Neuroticism"], "exploit": ["Neuroticism"], "aspect": ["Neuroticism"], "cultivate": ["Neuroticism"], "onrush": ["Neuroticism"], "flat": ["Neuroticism"], "put_up": ["Neuroticism"], "iron": ["Neuroticism"], "grief": ["Neuroticism"], "proud": ["Neuroticism"], "cauterize": ["Neuroticism"], "cognise": ["Neuroticism"], "keep": ["Neuroticism"], "perfect": ["Neuroticism"], "flagstone": ["Neuroticism"], "report": ["Neuroticism"], "plain": ["Neuroticism"], "estrus": ["Neuroticism"], "pinch": ["Neuroticism"], "wienerwurst": ["Neuroticism"], "ease_off": ["Neuroticism"], "allude": ["Neuroticism"], "knead": ["Neuroticism"], "dyed": ["Neuroticism"], "move_around": ["Neuroticism"], "charge_up": ["Neuroticism"], "dye": ["Neuroticism"], "socialise": ["Neuroticism"], "originative": ["Neuroticism"], "take_leave": ["Neuroticism"], "crawfish": ["Neuroticism"], "Grecian": ["Neuroticism"], "cool": ["Neuroticism"], "confine": ["Neuroticism"], "sprain": ["Neuroticism"], "heat": ["Neuroticism"], "preserve": ["Neuroticism"], "agitate": ["Neuroticism"], "sang": ["Neuroticism"], "declare": ["Neuroticism"], "consummate": ["Neuroticism"], "blank_out": ["Neuroticism"], "change_by_reversal": ["Neuroticism"], "chuck_up_the_sponge": ["Neuroticism"], "campaign": ["Neuroticism"], "theatre": ["Neuroticism"], "get_over": ["Neuroticism"], "push": ["Neuroticism"], "shudder": ["Neuroticism"], "relieve": ["Neuroticism"], "focussing": ["Neuroticism"], "emotional": ["Neuroticism"], "bring_through": ["Neuroticism"], "kinfolk": ["Neuroticism"], "sorority": ["Neuroticism"], "endeavour": ["Neuroticism"], "quit": ["Neuroticism"], "affect": ["Neuroticism"], "sexual_love": ["Neuroticism"], "unknown": ["Neuroticism"], "await": ["Neuroticism"], "shave": ["Neuroticism"], "body_politic": ["Neuroticism"], "eyeball": ["Neuroticism"], "background": ["Neuroticism"], "area": ["Neuroticism"], "veneration": ["Neuroticism"], "term": ["Neuroticism"], "retirement": ["Neuroticism"], "merge": ["Neuroticism"], "backyard": ["Neuroticism"], "act_of_terrorism": ["Neuroticism"], "fellowship": ["Neuroticism"], "civilize": ["Neuroticism"], "beginning": ["Neuroticism"], "dog": ["Neuroticism"], "sheet": ["Neuroticism"], "eye": ["Neuroticism"], "endorsement": ["Neuroticism"], "assay": ["Neuroticism"], "exclaim": ["Neuroticism"], "salute": ["Neuroticism"], "coolheaded": ["Neuroticism"], "unmatched": ["Neuroticism"], "incinerate": ["Neuroticism"], "scheme": ["Neuroticism"], "retreat": ["Neuroticism"], "shake": ["Neuroticism"], "tail": ["Neuroticism"], "backcloth": ["Neuroticism"], "union": ["Neuroticism"], "gate": ["Neuroticism"], "press": ["Neuroticism"], "one": ["Neuroticism"], "crop": ["Neuroticism"], "chemical_bond": ["Neuroticism"], "phratry": ["Neuroticism"], "plight": ["Neuroticism"], "traumatise": ["Neuroticism"], "frump": ["Neuroticism"], "kinsfolk": ["Neuroticism"], "field_of_battle": ["Neuroticism"], "fib": ["Neuroticism"], "significant": ["Neuroticism"], "life_history": ["Neuroticism"], "kill": ["Neuroticism"], "maintain": ["Neuroticism"], "awesome": ["Neuroticism"], "heat_up": ["Neuroticism"], "Gemini": ["Neuroticism"], "killing": ["Neuroticism"], "sunburn": ["Neuroticism"], "adoration": ["Neuroticism"], "oppose": ["Neuroticism"], "call_out": ["Neuroticism"], "change_state": ["Neuroticism"], "storey": ["Neuroticism"], "clangour": ["Neuroticism"], "droop": ["Neuroticism"], "congratulate": ["Neuroticism"], "playing_field": ["Neuroticism"], "tug": ["Neuroticism"], "concern": ["Neuroticism"], "parallel": ["Neuroticism"], "hold_fast": ["Neuroticism"], "passion": ["Neuroticism"], "treat": ["Neuroticism"], "horrendous": ["Neuroticism"], "touch_modality": ["Neuroticism"], "street": ["Neuroticism"], "shackle": ["Neuroticism"], "essay": ["Neuroticism"], "of_import": ["Neuroticism"], "numeral": ["Neuroticism"], "make_unnecessary": ["Neuroticism"], "handle": ["Neuroticism"], "aplomb": ["Neuroticism"], "combust": ["Neuroticism"], "firm": ["Neuroticism"], "sorrowfulness": ["Neuroticism"], "Twin_Falls": ["Neuroticism"], "disturb": ["Neuroticism"], "facial_expression": ["Neuroticism"], "praise": ["Neuroticism"], "remembering": ["Neuroticism"], "heating_system": ["Neuroticism"], "oculus": ["Neuroticism"], "lis": ["Neuroticism"], "rivet": ["Neuroticism"], "blast": ["Neuroticism"], "newsworthiness": ["Neuroticism"], "handgrip": ["Neuroticism"], "upshot": ["Neuroticism"], "step_down": ["Neuroticism"], "equal": ["Neuroticism"], "jolt": ["Neuroticism"], "exauste": ["Neuroticism"], "Hellenic": ["Neuroticism"], "creative": ["Neuroticism"], "secondment": ["Neuroticism"], "civilise": ["Neuroticism"], "contend": ["Neuroticism"], "overcome": ["Neuroticism"], "chronicle": ["Neuroticism"], "hero": ["Neuroticism"], "search": ["Neuroticism"], "rival": ["Neuroticism"], "do_work": ["Neuroticism"], "examine": ["Neuroticism"], "stir": ["Neuroticism"], "spare": ["Neuroticism"], "liveliness": ["Neuroticism"], "daily": ["Neuroticism"], "numerate": ["Neuroticism"], "control": ["Neuroticism"], "terminus": ["Neuroticism"], "ghost": ["Neuroticism"], "2nd": ["Neuroticism"], "trust": ["Neuroticism"], "scope": ["Neuroticism"], "appear": ["Neuroticism"], "ferment": ["Neuroticism"], "defy": ["Neuroticism"], "junction": ["Neuroticism"], "attempt": ["Neuroticism"], "reach": ["Neuroticism"], "employment": ["Neuroticism"], "television": ["Neuroticism"], "toast": ["Neuroticism"], "day_by_day": ["Neuroticism"], "tinge": ["Neuroticism"], "drink": ["Neuroticism"], "action": ["Neuroticism"], "appal": ["Neuroticism"], "base_on_balls": ["Neuroticism"], "hope": ["Neuroticism"], "looking_at": ["Neuroticism"], "crash": ["Neuroticism"], "authoritative": ["Neuroticism"], "instructor": ["Neuroticism"], "refer": ["Neuroticism"], "mourn": ["Neuroticism"], "concentre": ["Neuroticism"], "worship": ["Neuroticism"], "schooltime": ["Neuroticism"], "body_of_work": ["Neuroticism"], "take_the_air": ["Neuroticism"], "family_unit": ["Neuroticism"], "conflict": ["Neuroticism"], "cad": ["Neuroticism"], "nation": ["Neuroticism"], "taste": ["Neuroticism"], "bring_together": ["Neuroticism"], "everlasting": ["Neuroticism"], "manner_of_walking": ["Neuroticism"], "disappoint": ["Neuroticism"], "mourning": ["Neuroticism"], "alliance": ["Neuroticism"], "process": ["Neuroticism"], "cognize": ["Neuroticism"], "calculate": ["Neuroticism"], "master": ["Neuroticism"], "nail": ["Neuroticism"], "biography": ["Neuroticism"], "planer": ["Neuroticism"], "snipe": ["Neuroticism"], "bind": ["Neuroticism"], "grasp": ["Neuroticism"], "irregular": ["Neuroticism"], "crime_syndicate": ["Neuroticism"], "entertain": ["Neuroticism"], "hideous": ["Neuroticism"], "unrestrained": ["Neuroticism"], "sign_of_the_zodiac": ["Neuroticism"], "shape": ["Neuroticism"], "test": ["Neuroticism"], "play_down": ["Neuroticism"], "mould": ["Neuroticism"], "word_picture": ["Neuroticism"], "harbour": ["Neuroticism"], "shoal": ["Neuroticism"], "defeat": ["Neuroticism"], "walk": ["Neuroticism"], "attachment": ["Neuroticism"], "gelidity": ["Neuroticism"], "Carry_Amelia_Moore_Nation": ["Neuroticism"], "warmth": ["Neuroticism"], "kin": ["Neuroticism"], "agree": ["Neuroticism"], "life": ["Neuroticism"], "unmatchable": ["Neuroticism"], "round": ["Neuroticism"], "fearsome": ["Neuroticism"], "clutch": ["Neuroticism"], "seismic_disturbance": ["Neuroticism"], "iris": ["Neuroticism"], "lamentable": ["Neuroticism"], "mislay": ["Neuroticism"], "restrain": ["Neuroticism"], "cognitive_operation": ["Neuroticism"], "nurse": ["Neuroticism"], "bout": ["Neuroticism"], "appall": ["Neuroticism"], "unrivaled": ["Neuroticism"], "house": ["Neuroticism"], "assault": ["Neuroticism"], "country": ["Neuroticism"], "pull_back": ["Neuroticism"], "bite": ["Neuroticism"], "helpful": ["Neuroticism"], "terrorist_act": ["Neuroticism"], "fire": ["Neuroticism"], "adhere": ["Neuroticism"], "backdrop": ["Neuroticism"], "wrench": ["Neuroticism"], "towboat": ["Neuroticism"], "news_report": ["Neuroticism"], "unitary": ["Neuroticism"], "attach": ["Neuroticism"], "chill": ["Neuroticism"], "landing_field": ["Neuroticism"], "subdue": ["Neuroticism"], "let_down": ["Neuroticism"], "grieve": ["Neuroticism"], "concluded": ["Neuroticism"], "narration": ["Neuroticism"], "counterpart": ["Neuroticism"], "field_of_view": ["Neuroticism"], "high_temperature": ["Neuroticism"], "lifespan": ["Neuroticism"], "setting": ["Neuroticism"], "indorse": ["Neuroticism"], "risk_of_infection": ["Neuroticism"], "clash": ["Neuroticism"], "competitiveness": ["Neuroticism"], "war_cry": ["Neuroticism"], "everyday": ["Neuroticism"], "concenter": ["Neuroticism"], "flak": ["Neuroticism"], "seek": ["Neuroticism"], "wreck": ["Neuroticism"], "arouse": ["Neuroticism"], "wreak": ["Neuroticism"], "iciness": ["Neuroticism"], "battle": ["Neuroticism"], "tale": ["Neuroticism"], "Julian_Bond": ["Neuroticism"], "foreswear": ["Neuroticism"], "greek": ["Neuroticism"], "onset": ["Neuroticism"], "concentrate": ["Neuroticism"], "hotness": ["Neuroticism"], "characterization": ["Neuroticism"], "duplicate": ["Neuroticism"], "battle_cry": ["Neuroticism"], "hold_in": ["Neuroticism"], "unusual": ["Neuroticism"], "prioroty": ["Neuroticism"], "crawfish_out": ["Neuroticism"], "stranger": ["Neuroticism"], "awe": ["Neuroticism"], "burn": ["Neuroticism"], "awing": ["Neuroticism"], "bend": ["Neuroticism"], "jeopardy": ["Neuroticism"], "focal_point": ["Neuroticism"], "forgetting": ["Neuroticism"]}