word,classification
believe,Paranoid
scream,Paranoid
room,Paranoid
recognise,Paranoid
short,Paranoid
hazard,Paranoid
hit_the_sack,Paranoid
stimulate,Paranoid
roll_in_the_hay,Paranoid
break_of_serve,Paranoid
neediness,Paranoid
roam,Paranoid
hoi_polloi,Paranoid
film,Paranoid
guy_wire,Paranoid
rain_buckets,Paranoid
bide,Paranoid
comfortable,Paranoid
accept,Paranoid
burst,Paranoid
add_up,Paranoid
induce,Paranoid
protagonist,Paranoid
pace,Paranoid
breaking,Paranoid
presume,Paranoid
range,Paranoid
retrieve,Paranoid
stay,Paranoid
injure,Paranoid
call_back,Paranoid
confabulate,Paranoid
phone_call,Paranoid
imagine,Paranoid
put_out,Paranoid
metre,Paranoid
plump,Paranoid
typewriting,Paranoid
go_against,Paranoid
bring_forth,Paranoid
separate,Paranoid
administer,Paranoid
have_in_mind,Paranoid
pose,Paranoid
Friend,Paranoid
young_woman,Paranoid
receive,Paranoid
drop_a_line,Paranoid
jailbreak,Paranoid
regret,Paranoid
rain_cats_and_dogs,Paranoid
time,Paranoid
commodity,Paranoid
write,Paranoid
leave_alone,Paranoid
seed,Paranoid
solar_day,Paranoid
spite,Paranoid
breach,Paranoid
damage,Paranoid
come_apart,Paranoid
severance,Paranoid
break_up,Paranoid
heap,Paranoid
operate,Paranoid
inflict,Paranoid
written_material,Paranoid
Miss,Paranoid
dead_reckoning,Paranoid
differentiate,Paranoid
omit,Paranoid
publish,Paranoid
calendar_week,Paranoid
twin,Paranoid
vocalize,Paranoid
tyke,Paranoid
unspoilt,Paranoid
repent,Paranoid
bother,Paranoid
time_to_come,Paranoid
sense,Paranoid
endure,Paranoid
type,Paranoid
split_up,Paranoid
fourth_dimension,Paranoid
mountain,Paranoid
child,Paranoid
hypothesis,Paranoid
parting,Paranoid
public_lecture,Paranoid
get_at,Paranoid
surroundings,Paranoid
current,Paranoid
hold_out,Paranoid
sound,Paranoid
friend,Paranoid
determine,Paranoid
cognizance,Paranoid
townspeople,Paranoid
strike,Paranoid
recall,Paranoid
severalize,Paranoid
flavour,Paranoid
faithful,Paranoid
spate,Paranoid
mean,Paranoid
environs,Paranoid
detriment,Paranoid
roomie,Paranoid
fence,Paranoid
issue_forth,Paranoid
secretive,Paranoid
kid,Paranoid
fortune,Paranoid
suffering,Paranoid
breakage,Paranoid
mystify,Paranoid
for_sure,Paranoid
meet,Paranoid
flavor,Paranoid
fault,Paranoid
Day,Paranoid
fulfill,Paranoid
cave_in,Paranoid
circle,Paranoid
profound,Paranoid
debate,Paranoid
perplex,Paranoid
effective,Paranoid
venture,Paranoid
pic,Paranoid
skinny,Paranoid
tour,Paranoid
begin,Paranoid
roomy,Paranoid
engagement,Paranoid
surround,Paranoid
leave_of_absence,Paranoid
fall_in,Paranoid
start,Paranoid
argue,Paranoid
portion,Paranoid
speculation,Paranoid
beleaguer,Paranoid
pain_in_the_ass,Paranoid
reckon,Paranoid
expose,Paranoid
young,Paranoid
nurture,Paranoid
hateful,Paranoid
view,Paranoid
collapse,Paranoid
see,Paranoid
love,Paranoid
shout,Paranoid
adept,Paranoid
swarm,Paranoid
Modern,Paranoid
jazz,Paranoid
go_steady,Paranoid
beneficial,Paranoid
like,Paranoid
wear,Paranoid
save,Paranoid
offer,Paranoid
nestling,Paranoid
croak,Paranoid
bed,Paranoid
nighttime,Paranoid
seize,Paranoid
assemble,Paranoid
home_plate,Paranoid
charge_per_unit,Paranoid
stack,Paranoid
give,Paranoid
keep_an_eye_on,Paranoid
hear,Paranoid
bring_up,Paranoid
hang,Paranoid
give_ear,Paranoid
pull_up_stakes,Paranoid
remain,Paranoid
bruise,Paranoid
headed,Paranoid
socio,Paranoid
trivial,Paranoid
function,Paranoid
raw,Paranoid
look_on,Paranoid
weakened,Paranoid
break,Paranoid
take_for_granted,Paranoid
unexampled,Paranoid
trauma,Paranoid
stick,Paranoid
verbalize,Paranoid
rate,Paranoid
Old,Paranoid
tiddler,Paranoid
move,Paranoid
unaired,Paranoid
distinguish,Paranoid
form,Paranoid
give_way,Paranoid
certain,Paranoid
good,Paranoid
realise,Paranoid
chew_the_fat,Paranoid
make_love,Paranoid
generate,Paranoid
night,Paranoid
travel_to,Paranoid
recess,Paranoid
run_across,Paranoid
make,Paranoid
converge,Paranoid
fall_apart,Paranoid
ascertain,Paranoid
couple_up,Paranoid
champion,Paranoid
little,Paranoid
conk,Paranoid
spirit,Paranoid
fate,Paranoid
go_to_bed,Paranoid
help_oneself,Paranoid
mean_solar_day,Paranoid
gap,Paranoid
fetch,Paranoid
break_dance,Paranoid
memorise,Paranoid
environment,Paranoid
clock,Paranoid
learn,Paranoid
let_on,Paranoid
injury,Paranoid
bring_down,Paranoid
seam,Paranoid
footling,Paranoid
occur,Paranoid
die,Paranoid
telephone,Paranoid
disclose,Paranoid
household,Paranoid
satisfy,Paranoid
cum,Paranoid
pass_on,Paranoid
authorship,Paranoid
scout,Paranoid
grow,Paranoid
quell,Paranoid
recount,Paranoid
adjoin,Paranoid
hebdomad,Paranoid
bozo,Paranoid
assort,Paranoid
transgress,Paranoid
comparable,Paranoid
spotter,Paranoid
develop,Paranoid
upright,Paranoid
closelipped,Paranoid
listing,Paranoid
discover,Paranoid
provide,Paranoid
consciousness,Paranoid
fathom,Paranoid
sure,Paranoid
pinching,Paranoid
loose,Paranoid
estimable,Paranoid
allow,Paranoid
promiscuous,Paranoid
deprivation,Paranoid
excursive,Paranoid
town,Paranoid
way,Paranoid
guessing,Paranoid
commence,Paranoid
pour,Paranoid
admirer,Paranoid
feel,Paranoid
fit,Paranoid
chit,Paranoid
engender,Paranoid
foretell,Paranoid
watch,Paranoid
new,Paranoid
pay_off,Paranoid
ecstasy,Paranoid
opine,Paranoid
moving_picture,Paranoid
onetime,Paranoid
intend,Paranoid
fuss,Paranoid
produce,Paranoid
pass_away,Paranoid
live,Paranoid
raft,Paranoid
get_word,Paranoid
play,Paranoid
overlook,Paranoid
fix,Paranoid
future_tense,Paranoid
come_up,Paranoid
circumstances,Paranoid
peach,Paranoid
chat,Paranoid
pause,Paranoid
descend,Paranoid
blackguard,Paranoid
talk,Paranoid
delay,Paranoid
larn,Paranoid
promise,Paranoid
value,Paranoid
classify,Paranoid
arrogate,Paranoid
grant,Paranoid
actualize,Paranoid
masses,Paranoid
piffling,Paranoid
felicitous,Paranoid
pay_heed,Paranoid
heeled,Paranoid
decease,Paranoid
go_away,Paranoid
motion,Paranoid
prognosticate,Paranoid
list,Paranoid
misfire,Paranoid
befall,Paranoid
stoppage,Paranoid
dampen,Paranoid
lookout_man,Paranoid
former,Paranoid
mommy,Paranoid
deal,Paranoid
surmise,Paranoid
flow,Paranoid
elbow_room,Paranoid
crawl_in,Paranoid
sidereal_day,Paranoid
bequeath,Paranoid
cast,Paranoid
utter,Paranoid
taking,Paranoid
assignment,Paranoid
fixed,Paranoid
dish_out,Paranoid
shift,Paranoid
harm,Paranoid
reason,Paranoid
know,Paranoid
matter,Paranoid
course_of_study,Paranoid
materialize,Paranoid
recollect,Paranoid
privation,Paranoid
come_about,Paranoid
dance,Paranoid
stray,Paranoid
desire,Paranoid
set,Paranoid
style,Paranoid
strait,Paranoid
amaze,Paranoid
fill_up,Paranoid
advert,Paranoid
abide,Paranoid
easygoing,Paranoid
succeeding,Paranoid
pretermit,Paranoid
rile,Paranoid
young_lady,Paranoid
yoke,Paranoid
service,Paranoid
Nox,Paranoid
faulting,Paranoid
weaken,Paranoid
birdsong,Paranoid
besiege,Paranoid
resolve,Paranoid
evidence,Paranoid
go_game,Paranoid
cling,Paranoid
breakout,Paranoid
straggling,Paranoid
social_class,Paranoid
run_short,Paranoid
Night,Paranoid
follow,Paranoid
serve,Paranoid
today,Paranoid
sing,Paranoid
feign,Paranoid
Lot,Paranoid
poke_fun,Paranoid
tell_apart,Paranoid
national,Paranoid
erupt,Paranoid
closing,Paranoid
dissimilar,Paranoid
mouth,Paranoid
flick,Paranoid
blab,Paranoid
spend,Paranoid
vex,Paranoid
typing,Paranoid
wanton,Paranoid
intellect,Paranoid
whirl,Paranoid
day_of_the_month,Paranoid
approximate,Paranoid
violate,Paranoid
ripe,Paranoid
gravel,Paranoid
category,Paranoid
snug,Paranoid
hug_drug,Paranoid
stick_around,Paranoid
drop,Paranoid
batch,Paranoid
path,Paranoid
impression,Paranoid
state,Paranoid
legal,Paranoid
dumbfound,Paranoid
mate,Paranoid
meter,Paranoid
menage,Paranoid
mint,Paranoid
drive,Paranoid
feeling,Paranoid
come_together,Paranoid
arrive,Paranoid
bechance,Paranoid
penny,Paranoid
work,Paranoid
verbalise,Paranoid
bonk,Paranoid
simulate,Paranoid
previous,Paranoid
be_intimate,Paranoid
bent,Paranoid
leave,Paranoid
compose,Paranoid
have_intercourse,Paranoid
roll,Paranoid
detain,Paranoid
part,Paranoid
jaw,Paranoid
picture,Paranoid
wakeless,Paranoid
get_around,Paranoid
look,Paranoid
average,Paranoid
plate,Paranoid
neglect,Paranoid
pullulate,Paranoid
tactile_sensation,Paranoid
hump,Paranoid
forebode,Paranoid
grade,Paranoid
end,Paranoid
deliberate,Paranoid
helper,Paranoid
offend,Paranoid
don,Paranoid
economic_class,Paranoid
result,Paranoid
fail,Paranoid
petty,Paranoid
require,Paranoid
weekend,Paranoid
guy,Paranoid
substantiate,Paranoid
telephone_call,Paranoid
twelvemonth,Paranoid
gossip,Paranoid
smash,Paranoid
copulate,Paranoid
undecomposed,Paranoid
disruption,Paranoid
expert,Paranoid
get_a_line,Paranoid
discontinue,Paranoid
New,Paranoid
assistant,Paranoid
extend,Paranoid
sealed,Paranoid
squall,Paranoid
get_out,Paranoid
erstwhile,Paranoid
mess,Paranoid
multitude,Paranoid
turn,Paranoid
suspension,Paranoid
tight,Paranoid
reasoned,Paranoid
encounter,Paranoid
Town,Paranoid
happy,Paranoid
rift,Paranoid
open_frame,Paranoid
duty_assignment,Paranoid
deficiency,Paranoid
outcry,Paranoid
break_in,Paranoid
claver,Paranoid
vocalise,Paranoid
writing,Paranoid
father,Paranoid
go_on,Paranoid
tell,Paranoid
cogitate,Paranoid
find,Paranoid
cheeseparing,Paranoid
stop,Paranoid
tattle,Paranoid
babble_out,Paranoid
assigning,Paranoid
contact,Paranoid
smother,Paranoid
god,Paranoid
heavy,Paranoid
dark,Paranoid
ridicule,Paranoid
ally,Paranoid
recrudesce,Paranoid
anticipate,Paranoid
hour_interval,Paranoid
dependable,Paranoid
divulge,Paranoid
take,Paranoid
sluttish,Paranoid
intermit,Paranoid
locomote,Paranoid
layer,Paranoid
booster,Paranoid
minor,Paranoid
intermission,Paranoid
stopping_point,Paranoid
mummy,Paranoid
hitch,Paranoid
grounded,Paranoid
sight,Paranoid
belief,Paranoid
Clarence_Day,Paranoid
the_likes_of,Paranoid
closing_curtain,Paranoid
appointment,Paranoid
forget,Paranoid
rest_home,Paranoid
slumber,Paranoid
annoyance,Paranoid
circumvent,Paranoid
agnize,Paranoid
sustain,Paranoid
earn,Paranoid
draw,Paranoid
mum,Paranoid
baffle,Paranoid
phone,Paranoid
sprawling,Paranoid
mates,Paranoid
finish,Paranoid
call_option,Paranoid
escape,Paranoid
fare,Paranoid
duo,Paranoid
particular_date,Paranoid
safe,Paranoid
beat,Paranoid
puzzle,Paranoid
youngster,Paranoid
enjoin,Paranoid
Tell,Paranoid
couple,Paranoid
merriment,Paranoid
listen,Paranoid
finale,Paranoid
fall,Paranoid
manner,Paranoid
newfangled,Paranoid
break_down,Paranoid
border,Paranoid
missy,Paranoid
hurt,Paranoid
sleep,Paranoid
assume,Paranoid
tightlipped,Paranoid
need,Paranoid
comfy,Paranoid
get_down,Paranoid
niggling,Paranoid
damp,Paranoid
piddling,Paranoid
leaning,Paranoid
naming,Paranoid
amount,Paranoid
convey,Paranoid
thing,Paranoid
bear,Paranoid
trouble,Paranoid
aid,Paranoid
actualise,Paranoid
roommate,Paranoid
find_out,Paranoid
kip_down,Paranoid
fresh,Paranoid
scathe,Paranoid
prisonbreak,Paranoid
guess,Paranoid
lean,Paranoid
sack_out,Paranoid
prison_term,Paranoid
count,Paranoid
chafe,Paranoid
crack,Paranoid
mean_value,Paranoid
chatter,Paranoid
persist,Paranoid
luck,Paranoid
light,Paranoid
hassle,Paranoid
recognize,Paranoid
conform_to,Paranoid
skilful,Paranoid
pay_back,Paranoid
week,Paranoid
name,Paranoid
care,Paranoid
ring,Paranoid
pick_up,Paranoid
rear,Paranoid
estimate,Paranoid
infliction,Paranoid
consider,Paranoid
escort,Paranoid
sentry,Paranoid
snuff_it,Paranoid
close_up,Paranoid
old,Paranoid
avail,Paranoid
memorize,Paranoid
ramble,Paranoid
discursive,Paranoid
Menachem_Begin,Paranoid
mingy,Paranoid
spell,Paranoid
supporter,Paranoid
knowingness,Paranoid
entail,Paranoid
stuffy,Paranoid
run,Paranoid
typecast,Paranoid
attend,Paranoid
entrust,Paranoid
grounds,Paranoid
scram,Paranoid
relegate,Paranoid
foregather,Paranoid
hollo,Paranoid
chance,Paranoid
bump,Paranoid
ilk,Paranoid
let_out,Paranoid
infract,Paranoid
wandering,Paranoid
winding,Paranoid
bottom,Paranoid
come_in,Paranoid
easy,Paranoid
glad,Paranoid
class,Paranoid
inclination,Paranoid
smart,Paranoid
fulfil,Paranoid
happen,Paranoid
meandering,Paranoid
go_out,Paranoid
bewilder,Paranoid
go,Paranoid
shut,Paranoid
incur,Paranoid
direction,Paranoid
townsfolk,Paranoid
passel,Paranoid
choke,Paranoid
trusted,Paranoid
blend,Paranoid
ejaculate,Paranoid
mom,Paranoid
address,Paranoid
older,Paranoid
assistance,Paranoid
hit_the_hay,Paranoid
signify,Paranoid
shot,Paranoid
study,Paranoid
course_of_instruction,Paranoid
rank,Paranoid
fry,Paranoid
chosen,Paranoid
break_off,Paranoid
wish,Paranoid
stream,Paranoid
fashion,Paranoid
healthy,Paranoid
song,Paranoid
match,Paranoid
visit,Paranoid
brace,Paranoid
observe,Paranoid
ruefulness,Paranoid
call_in,Paranoid
unwrap,Paranoid
let,Paranoid
sports_meeting,Paranoid
novel,Paranoid
clear,Paranoid
small_fry,Paranoid
hem_in,Paranoid
decide,Paranoid
blab_out,Paranoid
ground,Paranoid
dear,Paranoid
lecture,Paranoid
stratum,Paranoid
honest,Paranoid
vociferation,Paranoid
ending,Paranoid
year,Paranoid
adopt,Paranoid
arrest,Paranoid
bid,Paranoid
different,Paranoid
interrupt,Paranoid
do_it,Paranoid
slow,Paranoid
pretend,Paranoid
set_out,Paranoid
palpate,Paranoid
wound,Paranoid
regard,Paranoid
holler,Paranoid
gauge,Paranoid
motion_picture,Paranoid
sure_as_shooting,Paranoid
salutary,Paranoid
Quaker,Paranoid
same,Paranoid
weigh,Paranoid
take_up,Paranoid
hold_up,Paranoid
picket,Paranoid
smell,Paranoid
reason_out,Paranoid
say,Paranoid
fling,Paranoid
chaffer,Paranoid
the_great_unwashed,Paranoid
people,Paranoid
dwelling,Paranoid
interior,Paranoid
stay_on,Paranoid
fuck_off,Paranoid
voice,Paranoid
string_up,Paranoid
reasonableness,Paranoid
inconvenience,Paranoid
twosome,Paranoid
cerebrate,Paranoid
buy_the_farm,Paranoid
tone,Paranoid
supposition,Paranoid
belong,Paranoid
claim,Paranoid
township,Paranoid
perish,Paranoid
break_away,Paranoid
have_sex,Paranoid
miss,Paranoid
lose,Paranoid
bust,Paranoid
capture,Paranoid
lookout,Paranoid
try,Paranoid
tactual_sensation,Paranoid
understand,Paranoid
gain,Paranoid
level,Paranoid
conjecture,Paranoid
four_hours,Paranoid
call,Paranoid
fracture,Paranoid
future,Paranoid
serious,Paranoid
agency,Paranoid
catch,Paranoid
watercourse,Paranoid
think,Paranoid
exit,Paranoid
drift,Paranoid
workweek,Paranoid
shout_out,Paranoid
inspect,Paranoid
derive,Paranoid
finger,Paranoid
opinion,Paranoid
tactile_property,Paranoid
laugh_at,Paranoid
duad,Paranoid
talking,Paranoid
want,Paranoid
disoblige,Paranoid
take_heed,Paranoid
happy_chance,Paranoid
heel,Paranoid
go_bad,Paranoid
bring,Paranoid
composition,Paranoid
founder,Paranoid
assure,Paranoid
tramp,Paranoid
take_over,Paranoid
infer,Paranoid
rib,Paranoid
dwelling_house,Paranoid
cash_in_one's_chips,Paranoid
distribute,Paranoid
get_going,Paranoid
facilitate,Paranoid
small,Paranoid
respectable,Paranoid
slight,Paranoid
citizenry,Paranoid
expire,Paranoid
annoy,Paranoid
blend_in,Paranoid
jest_at,Paranoid
William_Tell,Paranoid
mode,Paranoid
playfulness,Paranoid
dispense,Paranoid
gentle,Paranoid
moving,Paranoid
experience,Paranoid
close,Paranoid
stupefy,Paranoid
survive,Paranoid
penning,Paranoid
number,Paranoid
expend,Paranoid
speech_sound,Paranoid
division,Paranoid
retire,Paranoid
sport,Paranoid
impart,Paranoid
help,Paranoid
distress,Paranoid
last,Paranoid
cause,Paranoid
give_away,Paranoid
close_down,Paranoid
unspoiled,Paranoid
conclusion,Paranoid
materialise,Paranoid
allot,Paranoid
fence_in,Paranoid
teach,Paranoid
cognisance,Paranoid
parent,Paranoid
right_smart,Paranoid
pair,Paranoid
flock,Paranoid
imply,Paranoid
piece_of_writing,Paranoid
nark,Paranoid
nettle,Paranoid
narrate,Paranoid
rag,Paranoid
cry,Paranoid
plenty,Paranoid
impose,Paranoid
conclude,Paranoid
leave_behind,Paranoid
means,Paranoid
put_on,Paranoid
total,Paranoid
guesswork,Paranoid
instruct,Paranoid
committal_to_writing,Paranoid
think_of,Paranoid
confining,Paranoid
fuck,Paranoid
destiny,Paranoid
realize,Paranoid
clip,Paranoid
nonplus,Paranoid
continue,Paranoid
situated,Paranoid
sorrow,Paranoid
talk_of_the_town,Paranoid
mickle,Paranoid
nursing_home,Paranoid
contract,Paranoid
soft,Paranoid
movie,Paranoid
take_place,Paranoid
skillful,Paranoid
tike,Paranoid
adjudicate,Paranoid
yell,Paranoid
order,Paranoid
look_at,Paranoid
bunch,Paranoid
place,Paranoid
semen,Paranoid
sham,Paranoid
do,Paranoid
airless,Paranoid
irritate,Paranoid
rupture,Paranoid
fille,Paranoid
cat,Paranoid
hang_up,Paranoid
band,Paranoid
quietus,Paranoid
acquaintance,Paranoid
proficient,Paranoid
have_a_go_at_it,Paranoid
practiced,Paranoid
wad,Paranoid
bring_in,Paranoid
lot,Paranoid
quite_a_little,Paranoid
remember,Paranoid
eternal_rest,Paranoid
fitting,Paranoid
Guy,Paranoid
pelt,Paranoid
judge,Paranoid
turn_in,Paranoid
fold,Paranoid
obtain,Paranoid
in_force,Paranoid
meanspirited,Paranoid
nap,Paranoid
pain,Paranoid
pull_in,Paranoid
bankrupt,Paranoid
rue,Paranoid
way_of_life,Paranoid
aim,Paranoid
suffer,Paranoid
mother,Paranoid
in_effect,Paranoid
outride,Paranoid
mammy,Paranoid
kick_downstairs,Paranoid
momma,Paranoid
typewrite,Paranoid
roast,Paranoid
ramble_on,Paranoid
picayune,Paranoid
acquire,Paranoid
overleap,Paranoid
wounded,Paranoid
touch,Paranoid
travel,Paranoid
interruption,Paranoid
notion,Paranoid
check,Paranoid
prosperous,Paranoid
levelheaded,Paranoid
intelligent,Paranoid
read,Paranoid
wishing,Paranoid
nipper,Paranoid
settle,Paranoid
ruin,Paranoid
raise,Paranoid
lilliputian,Paranoid
spill_the_beans,Paranoid
predict,Paranoid
vigil,Paranoid
gaolbreak,Paranoid
tilt,Paranoid
respite,Paranoid
babble,Paranoid
recite,Paranoid
Begin,Paranoid
pass,Paranoid
run_into,Paranoid
goodness,Paranoid
domicile,Paranoid
suppose,Paranoid
fill,Paranoid
college,Paranoid
futurity,Paranoid
date,Paranoid
daylight,Paranoid
depart,Paranoid
break_out,Paranoid
come,Paranoid
trade_good,Paranoid
fiddling,Paranoid
sire,Paranoid
home,Paranoid
pot,Paranoid
take_in,Paranoid
get_laid,Paranoid
jog,Paranoid
become,Paranoid
anguish,Paranoid
go_forth,Paranoid
hail,Paranoid
for_certain,Paranoid
off,Paranoid
good_deal,Paranoid
day,Paranoid
secure,Paranoid
botheration,Paranoid
demote,Paranoid
screw,Paranoid
awareness,Paranoid
indite,Paranoid
split,Paranoid
indisputable,Paranoid
understanding,Paranoid
course,Paranoid
halt,Paranoid
palisade,Paranoid
soften,Paranoid
pain_in_the_neck,Paranoid
rest,Paranoid
proceed,Paranoid
baby,Paranoid
lead,Paranoid
honorable,Paranoid
reveal,Paranoid
eternal_sleep,Paranoid
picture_show,Paranoid
sentence,Paranoid
conceive,Paranoid
pen,Paranoid
duet,Paranoid
rifle,Paranoid
usurp,Paranoid
effectual,Paranoid
secernate,Paranoid
get,Paranoid
habitation,Paranoid
discommode,Paranoid
peck,Paranoid
similar,Paranoid
guy_cable,Paranoid
get_wind,Paranoid
lack,Paranoid
wander,Paranoid
geological_fault,Paranoid
rambling,Paranoid
family,Paranoid
speak,Paranoid
full,Paranoid
beget,Paranoid
couple_on,Paranoid
sojourn,Paranoid
have,Paranoid
hatful,Paranoid
gather,Paranoid
prison,Paranoid
clock_time,Paranoid
base,Paranoid
spill,Paranoid
rationality,Paranoid
Call,Paranoid
span,Paranoid
daytime,Paranoid
intuitive_feeling,Paranoid
girl,Paranoid
corresponding,Paranoid
assist,Paranoid
digressive,Paranoid
call_up,Paranoid
fun,Paranoid
appease,Paranoid
designation,Paranoid
percentage_point,Schizoid
practice_session,Schizoid
password,Schizoid
hold,Schizoid
believe,Schizoid
short,Schizoid
stimulate,Schizoid
hit_the_sack,Schizoid
hazard,Schizoid
idle_words,Schizoid
roll_in_the_hay,Schizoid
Set,Schizoid
mentation,Schizoid
script,Schizoid
Marco_Polo,Schizoid
film,Schizoid
rich_person,Schizoid
accept,Schizoid
add_up,Schizoid
moisten,Schizoid
induce,Schizoid
wind,Schizoid
protagonist,Schizoid
retrieve,Schizoid
finish_up,Schizoid
volume,Schizoid
pauperization,Schizoid
call_back,Schizoid
exercise_set,Schizoid
Holy_Writ,Schizoid
imagine,Schizoid
put_out,Schizoid
bring_forth,Schizoid
metre,Schizoid
separate,Schizoid
administer,Schizoid
pose,Schizoid
Friend,Schizoid
decimal_point,Schizoid
receive,Schizoid
swim,Schizoid
ledger,Schizoid
time,Schizoid
sic,Schizoid
solar_day,Schizoid
seed,Schizoid
penury,Schizoid
signified,Schizoid
return,Schizoid
solidifying,Schizoid
heap,Schizoid
obligation,Schizoid
degree,Schizoid
tie_in,Schizoid
pointedness,Schizoid
account_book,Schizoid
sentiency,Schizoid
dead_reckoning,Schizoid
full_stop,Schizoid
weary,Schizoid
death,Schizoid
release,Schizoid
publish,Schizoid
take_away,Schizoid
charter,Schizoid
sense,Schizoid
alphabetic_character,Schizoid
fourth_dimension,Schizoid
mountain,Schizoid
hypothesis,Schizoid
playscript,Schizoid
text_edition,Schizoid
friend,Schizoid
complete,Schizoid
emphasize,Schizoid
determine,Schizoid
hackneyed,Schizoid
remainder,Schizoid
strike,Schizoid
exonerate,Schizoid
articulate,Schizoid
recall,Schizoid
practise,Schizoid
flavour,Schizoid
record_book,Schizoid
lease,Schizoid
spate,Schizoid
mean,Schizoid
issue_forth,Schizoid
worn,Schizoid
mystify,Schizoid
fortune,Schizoid
watchword,Schizoid
adjust,Schizoid
get_in_touch,Schizoid
flavor,Schizoid
Day,Schizoid
text,Schizoid
channelise,Schizoid
get_hold_of,Schizoid
circle,Schizoid
rule_book,Schizoid
perplex,Schizoid
eject,Schizoid
emphasise,Schizoid
purse,Schizoid
good_sense,Schizoid
venture,Schizoid
smell_out,Schizoid
pocketbook,Schizoid
begin,Schizoid
laundry,Schizoid
naiant,Schizoid
correct,Schizoid
start,Schizoid
portion,Schizoid
speculation,Schizoid
culture,Schizoid
ask,Schizoid
scan,Schizoid
reckon,Schizoid
view,Schizoid
coif,Schizoid
love,Schizoid
H2O,Schizoid
jazz,Schizoid
coating,Schizoid
lay,Schizoid
wear,Schizoid
unloosen,Schizoid
scent,Schizoid
remove,Schizoid
book,Schizoid
cease,Schizoid
bed,Schizoid
coiffure,Schizoid
link,Schizoid
cook,Schizoid
rigid,Schizoid
stack,Schizoid
give,Schizoid
located,Schizoid
outlet,Schizoid
responsibility,Schizoid
trivial,Schizoid
socio,Schizoid
maneuver,Schizoid
stick,Schizoid
educate,Schizoid
spot,Schizoid
piddle,Schizoid
form,Schizoid
hat,Schizoid
make_love,Schizoid
realise,Schizoid
generate,Schizoid
letter_of_the_alphabet,Schizoid
conduct,Schizoid
psyche,Schizoid
washing,Schizoid
make,Schizoid
authorize,Schizoid
sensation,Schizoid
little,Schizoid
champion,Schizoid
spirit,Schizoid
compass_point,Schizoid
jade,Schizoid
fate,Schizoid
gumption,Schizoid
go_to_bed,Schizoid
Word,Schizoid
mean_solar_day,Schizoid
fetch,Schizoid
nose,Schizoid
clock,Schizoid
pack,Schizoid
learn,Schizoid
loss,Schizoid
footling,Schizoid
seam,Schizoid
crystallise,Schizoid
occur,Schizoid
dot,Schizoid
news,Schizoid
cum,Schizoid
grow,Schizoid
button,Schizoid
vindicated,Schizoid
clean,Schizoid
assort,Schizoid
duty,Schizoid
target,Schizoid
yield,Schizoid
exercise,Schizoid
distributor_point,Schizoid
develop,Schizoid
lift,Schizoid
fart,Schizoid
hire,Schizoid
float,Schizoid
loose,Schizoid
water_system,Schizoid
dish,Schizoid
nothingness,Schizoid
detail,Schizoid
show,Schizoid
engender,Schizoid
commence,Schizoid
guessing,Schizoid
admirer,Schizoid
feel,Schizoid
fit,Schizoid
banal,Schizoid
wash_drawing,Schizoid
bailiwick,Schizoid
bit,Schizoid
pay_off,Schizoid
opine,Schizoid
intend,Schizoid
produce,Schizoid
suitcase,Schizoid
prepare,Schizoid
timeworn,Schizoid
raft,Schizoid
yearn,Schizoid
feature,Schizoid
fix,Schizoid
come_up,Schizoid
circumstances,Schizoid
descend,Schizoid
bagful,Schizoid
urine,Schizoid
commonplace,Schizoid
classify,Schizoid
grant,Schizoid
piffling,Schizoid
drill,Schizoid
exact,Schizoid
hardened,Schizoid
wind_up,Schizoid
groom,Schizoid
pattern,Schizoid
machinate,Schizoid
sacking,Schizoid
Book,Schizoid
dampen,Schizoid
dismission,Schizoid
fag,Schizoid
deal,Schizoid
surmise,Schizoid
nous,Schizoid
crawl_in,Schizoid
sidereal_day,Schizoid
stage,Schizoid
textual_matter,Schizoid
limit,Schizoid
percipient,Schizoid
assignment,Schizoid
water,Schizoid
fixed,Schizoid
dish_out,Schizoid
common_sense,Schizoid
train,Schizoid
know,Schizoid
matter,Schizoid
demand,Schizoid
course_of_study,Schizoid
breaker_point,Schizoid
recollect,Schizoid
bag,Schizoid
subscribe,Schizoid
accentuate,Schizoid
necessitate,Schizoid
mark,Schizoid
set,Schizoid
decipherable,Schizoid
fatigue,Schizoid
amaze,Schizoid
hour,Schizoid
tired,Schizoid
sentiment,Schizoid
bore,Schizoid
motive,Schizoid
race,Schizoid
unite,Schizoid
depicted_object,Schizoid
arrange,Schizoid
assoil,Schizoid
countersign,Schizoid
let_go_of,Schizoid
social_class,Schizoid
liberation,Schizoid
water_supply,Schizoid
take_care,Schizoid
follow,Schizoid
creative_thinker,Schizoid
today,Schizoid
tidings,Schizoid
Lot,Schizoid
national,Schizoid
stress,Schizoid
closing,Schizoid
absolved,Schizoid
pall,Schizoid
ingest,Schizoid
congeal,Schizoid
have_got,Schizoid
vex,Schizoid
cultivation,Schizoid
intellect,Schizoid
approximate,Schizoid
gravel,Schizoid
category,Schizoid
brighten,Schizoid
net,Schizoid
unfreeze,Schizoid
topic,Schizoid
destruction,Schizoid
sentience,Schizoid
batch,Schizoid
define,Schizoid
handout,Schizoid
dumbfound,Schizoid
pick_out,Schizoid
meter,Schizoid
drive,Schizoid
mint,Schizoid
feeling,Schizoid
bear_in_mind,Schizoid
organise,Schizoid
arrive,Schizoid
hoist,Schizoid
weave,Schizoid
cleared,Schizoid
tie,Schizoid
commit,Schizoid
power_point,Schizoid
bonk,Schizoid
own,Schizoid
Logos,Schizoid
bent,Schizoid
be_intimate,Schizoid
capable,Schizoid
roll,Schizoid
have_intercourse,Schizoid
associate,Schizoid
go_under,Schizoid
amused,Schizoid
look,Schizoid
placed,Schizoid
letter,Schizoid
hump,Schizoid
internet,Schizoid
sharpen,Schizoid
judgment,Schizoid
grade,Schizoid
end,Schizoid
economic_class,Schizoid
parole,Schizoid
occupy,Schizoid
Word_of_God,Schizoid
petty,Schizoid
require,Schizoid
piss,Schizoid
diverted,Schizoid
swimming,Schizoid
motivation,Schizoid
throw,Schizoid
intelligence,Schizoid
get_up,Schizoid
indigence,Schizoid
mess,Schizoid
turn,Schizoid
exculpate,Schizoid
min,Schizoid
sack,Schizoid
thinker,Schizoid
missive,Schizoid
solve,Schizoid
duty_assignment,Schizoid
varsity_letter,Schizoid
postulate,Schizoid
expel,Schizoid
discussion,Schizoid
illuminate,Schizoid
twist,Schizoid
wash_away,Schizoid
father,Schizoid
minute,Schizoid
old_bag,Schizoid
find,Schizoid
stop,Schizoid
assigning,Schizoid
terminate,Schizoid
ally,Schizoid
hour_interval,Schizoid
take,Schizoid
layer,Schizoid
taper,Schizoid
booster,Schizoid
washout,Schizoid
stopping_point,Schizoid
sight,Schizoid
liberate,Schizoid
specify,Schizoid
Clarence_Day,Schizoid
head,Schizoid
appointment,Schizoid
sustain,Schizoid
unclouded,Schizoid
manoeuver,Schizoid
spillage,Schizoid
earn,Schizoid
draw,Schizoid
baffle,Schizoid
choose,Schizoid
finish,Schizoid
fare,Schizoid
beat,Schizoid
puzzle,Schizoid
listen,Schizoid
contain,Schizoid
finale,Schizoid
fall,Schizoid
countersink,Schizoid
discharge,Schizoid
Holy_Scripture,Schizoid
hurt,Schizoid
assume,Schizoid
need,Schizoid
niggling,Schizoid
get_down,Schizoid
piddling,Schizoid
clear_up,Schizoid
naming,Schizoid
amount,Schizoid
convey,Schizoid
bear,Schizoid
end_up,Schizoid
conversation,Schizoid
kip_down,Schizoid
pauperism,Schizoid
guess,Schizoid
sack_out,Schizoid
dry_wash,Schizoid
thinking,Schizoid
prison_term,Schizoid
cut,Schizoid
press_release,Schizoid
dismissal,Schizoid
light,Schizoid
luck,Schizoid
idea,Schizoid
strain,Schizoid
pay_back,Schizoid
finishing,Schizoid
estimate,Schizoid
consider,Schizoid
acquittance,Schizoid
determined,Schizoid
indicate,Schizoid
old,Schizoid
betoken,Schizoid
narrow,Schizoid
supporter,Schizoid
thread,Schizoid
full_point,Schizoid
engage,Schizoid
pocket,Schizoid
fix_up,Schizoid
waiter,Schizoid
payoff,Schizoid
dependent,Schizoid
scram,Schizoid
beware,Schizoid
goal,Schizoid
channelize,Schizoid
relinquish,Schizoid
winding,Schizoid
praxis,Schizoid
devise,Schizoid
bottom,Schizoid
entertained,Schizoid
come_in,Schizoid
class,Schizoid
smart,Schizoid
emphasis,Schizoid
thought,Schizoid
discipline,Schizoid
crystalize,Schizoid
go,Schizoid
bewilder,Schizoid
tenseness,Schizoid
incur,Schizoid
passel,Schizoid
Scripture,Schizoid
tip,Schizoid
ejaculate,Schizoid
flatus,Schizoid
wind_instrument,Schizoid
hit_the_hay,Schizoid
upload,Schizoid
shot,Schizoid
possess,Schizoid
study,Schizoid
twine,Schizoid
course_of_instruction,Schizoid
expiration,Schizoid
recitation,Schizoid
tire,Schizoid
let,Schizoid
theme,Schizoid
clear,Schizoid
touch_base,Schizoid
firing,Schizoid
refinement,Schizoid
subscribe_to,Schizoid
stratum,Schizoid
guide,Schizoid
ending,Schizoid
year,Schizoid
arrest,Schizoid
adopt,Schizoid
udder,Schizoid
authorise,Schizoid
do_it,Schizoid
apply,Schizoid
set_out,Schizoid
pretend,Schizoid
palpate,Schizoid
farting,Schizoid
quick,Schizoid
wreathe,Schizoid
exculpated,Schizoid
gauge,Schizoid
organize,Schizoid
Quaker,Schizoid
proceeds,Schizoid
malarky,Schizoid
take_up,Schizoid
remnant,Schizoid
unblock,Schizoid
brain,Schizoid
smell,Schizoid
say,Schizoid
judgement,Schizoid
laid,Schizoid
fuck_off,Schizoid
wrap,Schizoid
give_up,Schizoid
heed,Schizoid
enlighten,Schizoid
cerebrate,Schizoid
tone,Schizoid
run_down,Schizoid
supposition,Schizoid
rent,Schizoid
claim,Schizoid
focus,Schizoid
rinse,Schizoid
tone_ending,Schizoid
takings,Schizoid
have_sex,Schizoid
capture,Schizoid
curve,Schizoid
accent,Schizoid
try,Schizoid
field,Schizoid
hardening,Schizoid
going,Schizoid
gain,Schizoid
understand,Schizoid
breaking_wind,Schizoid
drown,Schizoid
plant,Schizoid
level,Schizoid
conjecture,Schizoid
four_hours,Schizoid
air_current,Schizoid
Good_Book,Schizoid
catch,Schizoid
think,Schizoid
exit,Schizoid
languish,Schizoid
derive,Schizoid
solidification,Schizoid
finger,Schizoid
localise,Schizoid
colligate,Schizoid
opinion,Schizoid
tactile_property,Schizoid
Quran,Schizoid
vent,Schizoid
want,Schizoid
bring,Schizoid
acquit,Schizoid
use,Schizoid
confidential_information,Schizoid
cyberspace,Schizoid
infer,Schizoid
relate,Schizoid
meander,Schizoid
distribute,Schizoid
connect,Schizoid
irrigate,Schizoid
elucidate,Schizoid
small,Schizoid
slight,Schizoid
involve,Schizoid
yen,Schizoid
body_of_water,Schizoid
bespeak,Schizoid
malarkey,Schizoid
dispense,Schizoid
plug_into,Schizoid
experience,Schizoid
launder,Schizoid
horse_sense,Schizoid
close,Schizoid
stupefy,Schizoid
number,Schizoid
passing,Schizoid
retire,Schizoid
division,Schizoid
submit,Schizoid
last,Schizoid
cause,Schizoid
server,Schizoid
conclusion,Schizoid
curing,Schizoid
allot,Schizoid
consume,Schizoid
flock,Schizoid
typeset,Schizoid
backwash,Schizoid
manoeuvre,Schizoid
register,Schizoid
content,Schizoid
plug_in,Schizoid
open,Schizoid
freeing,Schizoid
plenty,Schizoid
localize,Schizoid
weewee,Schizoid
hint,Schizoid
total,Schizoid
guesswork,Schizoid
fuck,Schizoid
nonplus,Schizoid
destiny,Schizoid
realize,Schizoid
clip,Schizoid
peak,Schizoid
mind,Schizoid
exhaust,Schizoid
Polo,Schizoid
readiness,Schizoid
situated,Schizoid
designate,Schizoid
unloose,Schizoid
mickle,Schizoid
fetch_up,Schizoid
contract,Schizoid
join,Schizoid
instant,Schizoid
subject_field,Schizoid
trite,Schizoid
ready,Schizoid
formulate,Schizoid
order,Schizoid
bunch,Schizoid
place,Schizoid
look_at,Schizoid
period,Schizoid
semen,Schizoid
do,Schizoid
deliver,Schizoid
shoot,Schizoid
band,Schizoid
subject,Schizoid
put,Schizoid
resign,Schizoid
acquaintance,Schizoid
school_text,Schizoid
have_a_go_at_it,Schizoid
charge,Schizoid
fructify,Schizoid
wad,Schizoid
shopworn,Schizoid
bring_in,Schizoid
lot,Schizoid
quite_a_little,Schizoid
remember,Schizoid
select,Schizoid
point,Schizoid
judge,Schizoid
turn_in,Schizoid
phrase,Schizoid
obtain,Schizoid
interpret,Schizoid
persuasion,Schizoid
ache,Schizoid
pull_in,Schizoid
steer,Schizoid
pee,Schizoid
stock,Schizoid
dress,Schizoid
host,Schizoid
province,Schizoid
aim,Schizoid
amuse,Schizoid
suffer,Schizoid
word,Schizoid
lap,Schizoid
mother,Schizoid
readable,Schizoid
moment,Schizoid
take_aim,Schizoid
link_up,Schizoid
primed,Schizoid
picayune,Schizoid
acquire,Schizoid
waiver,Schizoid
practice,Schizoid
responsibleness,Schizoid
schoolbook,Schizoid
sensory_faculty,Schizoid
defined,Schizoid
gear_up,Schizoid
grip,Schizoid
destination,Schizoid
stage_set,Schizoid
read,Schizoid
crystallize,Schizoid
current_of_air,Schizoid
lilliputian,Schizoid
field_of_study,Schizoid
free,Schizoid
Christian_Bible,Schizoid
carry,Schizoid
aching,Schizoid
format,Schizoid
withdraw,Schizoid
pass,Schizoid
direct,Schizoid
light_up,Schizoid
suppose,Schizoid
fill,Schizoid
intellection,Schizoid
wash,Schizoid
daylight,Schizoid
birth,Schizoid
mother_wit,Schizoid
come,Schizoid
divert,Schizoid
fiddling,Schizoid
sire,Schizoid
pot,Schizoid
take_in,Schizoid
get_laid,Schizoid
position,Schizoid
unmortgaged,Schizoid
become,Schizoid
hail,Schizoid
good_deal,Schizoid
day,Schizoid
screw,Schizoid
lave,Schizoid
departure,Schizoid
washables,Schizoid
slipstream,Schizoid
course,Schizoid
tension,Schizoid
cogitate,Schizoid
lead,Schizoid
conceive,Schizoid
rehearse,Schizoid
sentence,Schizoid
gunpoint,Schizoid
textbook,Schizoid
subjugate,Schizoid
exonerated,Schizoid
lavation,Schizoid
polo,Schizoid
get,Schizoid
item,Schizoid
guinea_pig,Schizoid
secrete,Schizoid
admit,Schizoid
peck,Schizoid
rig,Schizoid
wander,Schizoid
family,Schizoid
handbag,Schizoid
beget,Schizoid
record,Schizoid
crystalise,Schizoid
unclutter,Schizoid
have,Schizoid
hatful,Schizoid
dictated,Schizoid
punctuate,Schizoid
base,Schizoid
clock_time,Schizoid
spill,Schizoid
infinitesimal,Schizoid
case,Schizoid
daytime,Schizoid
point_in_time,Schizoid
issue,Schizoid
threadbare,Schizoid
final_stage,Schizoid
call_up,Schizoid
designation,Schizoid
stimulate,Neuroticism
acknowledge,Neuroticism
neediness,Neuroticism
fancy,Neuroticism
guy_wire,Neuroticism
comfortable,Neuroticism
retrieve,Neuroticism
accomplished,Neuroticism
plow,Neuroticism
metre,Neuroticism
administer,Neuroticism
young_woman,Neuroticism
appendage,Neuroticism
write,Neuroticism
solar_day,Neuroticism
run_a_risk,Neuroticism
written_material,Neuroticism
adhesion,Neuroticism
publish,Neuroticism
retrograde,Neuroticism
public_lecture,Neuroticism
determine,Neuroticism
photo,Neuroticism
flavour,Neuroticism
field_of_honor,Neuroticism
majestic,Neuroticism
pin,Neuroticism
lovemaking,Neuroticism
economize,Neuroticism
economise,Neuroticism
begin,Neuroticism
pride,Neuroticism
commemorate,Neuroticism
focalise,Neuroticism
start,Neuroticism
young,Neuroticism
shout,Neuroticism
adept,Neuroticism
jazz,Neuroticism
put_to_work,Neuroticism
dreadful,Neuroticism
draw_back,Neuroticism
cease,Neuroticism
kudos,Neuroticism
nighttime,Neuroticism
quiver,Neuroticism
enumerate,Neuroticism
scrap,Neuroticism
characterisation,Neuroticism
function,Neuroticism
verbalize,Neuroticism
stick,Neuroticism
educate,Neuroticism
depiction,Neuroticism
system_of_rules,Neuroticism
deem,Neuroticism
organization,Neuroticism
unconscious_process,Neuroticism
bond_paper,Neuroticism
mad,Neuroticism
conk,Neuroticism
cutaneous_senses,Neuroticism
pawl,Neuroticism
fate,Neuroticism
misplace,Neuroticism
lamentation,Neuroticism
help_oneself,Neuroticism
fetch,Neuroticism
clasp,Neuroticism
field_of_operations,Neuroticism
tan,Neuroticism
lick,Neuroticism
memory,Neuroticism
joint,Neuroticism
telephone,Neuroticism
endeavor,Neuroticism
cum,Neuroticism
pass_on,Neuroticism
battleground,Neuroticism
bozo,Neuroticism
turning,Neuroticism
spotter,Neuroticism
overtake,Neuroticism
estimable,Neuroticism
allow,Neuroticism
promiscuous,Neuroticism
pure,Neuroticism
admirer,Neuroticism
belt_down,Neuroticism
new,Neuroticism
excite,Neuroticism
produce,Neuroticism
pass_away,Neuroticism
delirious,Neuroticism
bereaved,Neuroticism
adherence,Neuroticism
campus,Neuroticism
combine,Neuroticism
circumstances,Neuroticism
envision,Neuroticism
fear,Neuroticism
sense_of_touch,Neuroticism
delay,Neuroticism
back_away,Neuroticism
staring,Neuroticism
masses,Neuroticism
icon,Neuroticism
wind_up,Neuroticism
Greek,Neuroticism
motion,Neuroticism
prognosticate,Neuroticism
pledge,Neuroticism
befall,Neuroticism
tingle,Neuroticism
lookout_man,Neuroticism
physical_process,Neuroticism
taking,Neuroticism
ball_over,Neuroticism
sign,Neuroticism
poise,Neuroticism
matter,Neuroticism
energise,Neuroticism
recollect,Neuroticism
keep_open,Neuroticism
Hope,Neuroticism
desire,Neuroticism
amaze,Neuroticism
take_aback,Neuroticism
surmount,Neuroticism
love_life,Neuroticism
easygoing,Neuroticism
young_lady,Neuroticism
go_game,Neuroticism
field_of_operation,Neuroticism
take_care,Neuroticism
detent,Neuroticism
follow,Neuroticism
serve,Neuroticism
catch_up_with,Neuroticism
today,Neuroticism
sing,Neuroticism
tidings,Neuroticism
little_girl,Neuroticism
masthead,Neuroticism
poke_fun,Neuroticism
prevail,Neuroticism
detainment,Neuroticism
nerveless,Neuroticism
stress,Neuroticism
fighting,Neuroticism
pall,Neuroticism
blab,Neuroticism
stir_up,Neuroticism
american,Neuroticism
participate,Neuroticism
reverse,Neuroticism
whirl,Neuroticism
gravel,Neuroticism
category,Neuroticism
defend,Neuroticism
sex,Neuroticism
batch,Neuroticism
state,Neuroticism
thrill,Neuroticism
fearful,Neuroticism
take_hold,Neuroticism
work,Neuroticism
walking,Neuroticism
previous,Neuroticism
leave,Neuroticism
walk_of_life,Neuroticism
firedog,Neuroticism
frisson,Neuroticism
distressing,Neuroticism
scandalise,Neuroticism
traumatize,Neuroticism
deform,Neuroticism
daughter,Neuroticism
hump,Neuroticism
forebode,Neuroticism
heating,Neuroticism
grade,Neuroticism
helper,Neuroticism
centre,Neuroticism
force_field,Neuroticism
require,Neuroticism
twelvemonth,Neuroticism
ane,Neuroticism
thoroughgoing,Neuroticism
expert,Neuroticism
discontinue,Neuroticism
assistant,Neuroticism
extend,Neuroticism
renounce,Neuroticism
mess,Neuroticism
assurance,Neuroticism
happy,Neuroticism
mental_process,Neuroticism
solve,Neuroticism
deficiency,Neuroticism
jot,Neuroticism
twist,Neuroticism
trail,Neuroticism
revere,Neuroticism
hour_interval,Neuroticism
dependable,Neuroticism
Nation,Neuroticism
take,Neuroticism
sluttish,Neuroticism
de,Neuroticism
expression,Neuroticism
peril,Neuroticism
sprightliness,Neuroticism
plane,Neuroticism
visualize,Neuroticism
sodding,Neuroticism
fare,Neuroticism
puzzle,Neuroticism
merriment,Neuroticism
outcome,Neuroticism
contain,Neuroticism
astound,Neuroticism
aggress,Neuroticism
overwhelm,Neuroticism
bear,Neuroticism
theater_of_operations,Neuroticism
casual,Neuroticism
cut,Neuroticism
pictorial_matter,Neuroticism
hold_back,Neuroticism
bolt_down,Neuroticism
socialize,Neuroticism
ignite,Neuroticism
save_up,Neuroticism
accommodate,Neuroticism
close_up,Neuroticism
living,Neuroticism
get_the_best,Neuroticism
horrific,Neuroticism
prove,Neuroticism
chance,Neuroticism
bump,Neuroticism
adjudge,Neuroticism
happen,Neuroticism
James_Bond,Neuroticism
business_firm,Neuroticism
hamper,Neuroticism
arcsecond,Neuroticism
go,Neuroticism
shake_up,Neuroticism
terminal_figure,Neuroticism
passel,Neuroticism
summons,Neuroticism
blend,Neuroticism
mite,Neuroticism
burn_up,Neuroticism
address,Neuroticism
older,Neuroticism
American_English,Neuroticism
wish,Neuroticism
inspiring,Neuroticism
keep_back,Neuroticism
observe,Neuroticism
weenie,Neuroticism
sports_meeting,Neuroticism
TV,Neuroticism
dear,Neuroticism
hotdog,Neuroticism
swear_out,Neuroticism
ending,Neuroticism
theatre_of_operations,Neuroticism
domestic_dog,Neuroticism
obliterate,Neuroticism
teacher,Neuroticism
fact,Neuroticism
apply,Neuroticism
palpate,Neuroticism
holler,Neuroticism
activated,Neuroticism
bail,Neuroticism
hot_up,Neuroticism
weigh,Neuroticism
soupcon,Neuroticism
aliveness,Neuroticism
smell,Neuroticism
people,Neuroticism
have_the_best,Neuroticism
cerebrate,Neuroticism
battlefield,Neuroticism
tridelt,Neuroticism
move_back,Neuroticism
full_term,Neuroticism
perish,Neuroticism
endorse,Neuroticism
have_sex,Neuroticism
chase_after,Neuroticism
lookout,Neuroticism
try,Neuroticism
fall_behind,Neuroticism
blow,Neuroticism
res_publica,Neuroticism
call,Neuroticism
serious,Neuroticism
piece_of_work,Neuroticism
bet,Neuroticism
bring,Neuroticism
unadulterated,Neuroticism
cash_in_one's_chips,Neuroticism
distribute,Neuroticism
athletic_field,Neuroticism
risk_of_exposure,Neuroticism
news_program,Neuroticism
jest_at,Neuroticism
cargo_hold,Neuroticism
dispense,Neuroticism
gentle,Neuroticism
moving,Neuroticism
desktop,Neuroticism
close,Neuroticism
arrangement,Neuroticism
retire,Neuroticism
tag,Neuroticism
dispatch,Neuroticism
sport,Neuroticism
skim,Neuroticism
indorsement,Neuroticism
impart,Neuroticism
energize,Neuroticism
allot,Neuroticism
combat,Neuroticism
effort,Neuroticism
total,Neuroticism
sample,Neuroticism
swag,Neuroticism
committal_to_writing,Neuroticism
confining,Neuroticism
nonplus,Neuroticism
clip,Neuroticism
oblige,Neuroticism
break_apart,Neuroticism
talk_of_the_town,Neuroticism
mickle,Neuroticism
sting,Neuroticism
movie,Neuroticism
join,Neuroticism
take_place,Neuroticism
heat_energy,Neuroticism
instant,Neuroticism
yell,Neuroticism
idolize,Neuroticism
deplorable,Neuroticism
middle,Neuroticism
resign,Neuroticism
acquaintance,Neuroticism
articulation,Neuroticism
stick_to,Neuroticism
have_a_go_at_it,Neuroticism
proficient,Neuroticism
jounce,Neuroticism
wad,Neuroticism
remember,Neuroticism
honey,Neuroticism
Guy,Neuroticism
column,Neuroticism
pull_in_one's_horns,Neuroticism
tint,Neuroticism
aim,Neuroticism
word,Neuroticism
turn_of_events,Neuroticism
moment,Neuroticism
write_up,Neuroticism
video,Neuroticism
acquire,Neuroticism
travel,Neuroticism
clangoring,Neuroticism
check,Neuroticism
bark,Neuroticism
detention,Neuroticism
grip,Neuroticism
daze,Neuroticism
flex,Neuroticism
sag,Neuroticism
congratulations,Neuroticism
babble,Neuroticism
Begin,Neuroticism
seem,Neuroticism
goodness,Neuroticism
birth,Neuroticism
pot,Neuroticism
home,Neuroticism
line_of_business,Neuroticism
day,Neuroticism
screw,Neuroticism
speck,Neuroticism
life_sentence,Neuroticism
planing_machine,Neuroticism
impact,Neuroticism
proceed,Neuroticism
plume,Neuroticism
honorable,Neuroticism
girlfriend,Neuroticism
sentence,Neuroticism
image,Neuroticism
get,Neuroticism
sour,Neuroticism
family,Neuroticism
star_sign,Neuroticism
spill,Neuroticism
influence,Neuroticism
daytime,Neuroticism
intuitive_feeling,Neuroticism
assist,Neuroticism
fun,Neuroticism
foreign,Neuroticism
terrible,Neuroticism
matching,Neuroticism
idiot_box,Neuroticism
rich_person,Neuroticism
accept,Neuroticism
induce,Neuroticism
protagonist,Neuroticism
call_back,Neuroticism
second,Neuroticism
idolise,Neuroticism
imagine,Neuroticism
Friend,Neuroticism
pull_through,Neuroticism
consequence,Neuroticism
seed,Neuroticism
break_up,Neuroticism
pour_down,Neuroticism
twin,Neuroticism
sense,Neuroticism
frantic,Neuroticism
salvage,Neuroticism
land,Neuroticism
shock,Neuroticism
here_and_now,Neuroticism
mountain,Neuroticism
doss,Neuroticism
Carry_Nation,Neuroticism
endangerment,Neuroticism
track,Neuroticism
sound,Neuroticism
recall,Neuroticism
curb,Neuroticism
issue_forth,Neuroticism
mean,Neuroticism
fortune,Neuroticism
meet,Neuroticism
flavor,Neuroticism
optic,Neuroticism
pic,Neuroticism
engagement,Neuroticism
tour,Neuroticism
fall_in,Neuroticism
adhesiveness,Neuroticism
outgrowth,Neuroticism
animation,Neuroticism
collapse,Neuroticism
frankfurter,Neuroticism
visualise,Neuroticism
croak,Neuroticism
save,Neuroticism
screen_background,Neuroticism
link,Neuroticism
time_lag,Neuroticism
stack,Neuroticism
give,Neuroticism
field_of_force,Neuroticism
pull_up_stakes,Neuroticism
ended,Neuroticism
terminated,Neuroticism
retain,Neuroticism
overpower,Neuroticism
socio,Neuroticism
beloved,Neuroticism
block,Neuroticism
Old,Neuroticism
spot,Neuroticism
give_way,Neuroticism
make_love,Neuroticism
organisation,Neuroticism
pillar,Neuroticism
ascertain,Neuroticism
bond_certificate,Neuroticism
mean_solar_day,Neuroticism
redeem,Neuroticism
female_child,Neuroticism
worked_up,Neuroticism
sorrowing,Neuroticism
learn,Neuroticism
wake,Neuroticism
burn_down,Neuroticism
occur,Neuroticism
Hellenic_language,Neuroticism
household,Neuroticism
dearest,Neuroticism
rouse,Neuroticism
grow,Neuroticism
clangor,Neuroticism
shoot_down,Neuroticism
adjoin,Neuroticism
important,Neuroticism
pore,Neuroticism
assort,Neuroticism
import,Neuroticism
develop,Neuroticism
arena,Neuroticism
sum,Neuroticism
provide,Neuroticism
sue,Neuroticism
stark,Neuroticism
sure,Neuroticism
pinching,Neuroticism
loose,Neuroticism
deprivation,Neuroticism
background_knowledge,Neuroticism
view_as,Neuroticism
sad,Neuroticism
Leslie_Townes_Hope,Neuroticism
show,Neuroticism
photograph,Neuroticism
front,Neuroticism
opine,Neuroticism
onetime,Neuroticism
raft,Neuroticism
plough,Neuroticism
feature,Neuroticism
play,Neuroticism
fix,Neuroticism
folk,Neuroticism
come_up,Neuroticism
appreciation,Neuroticism
peach,Neuroticism
extend_to,Neuroticism
hold_open,Neuroticism
workplace,Neuroticism
blackguard,Neuroticism
promise,Neuroticism
felicitous,Neuroticism
slacken_off,Neuroticism
decease,Neuroticism
list,Neuroticism
pull_away,Neuroticism
former,Neuroticism
deal,Neuroticism
ace,Neuroticism
dish_out,Neuroticism
story,Neuroticism
course_of_study,Neuroticism
subscribe,Neuroticism
depend,Neuroticism
come_about,Neuroticism
depict,Neuroticism
mansion,Neuroticism
set,Neuroticism
aroused,Neuroticism
service,Neuroticism
jar,Neuroticism
mold,Neuroticism
social_class,Neuroticism
Bond,Neuroticism
Night,Neuroticism
theater,Neuroticism
phone_number,Neuroticism
act,Neuroticism
-,Neuroticism
Lot,Neuroticism
reverence,Neuroticism
go_after,Neuroticism
hideaway,Neuroticism
wanton,Neuroticism
aeroplane,Neuroticism
barge_in,Neuroticism
dumbfound,Neuroticism
mate,Neuroticism
feeling,Neuroticism
obligate,Neuroticism
bonk,Neuroticism
flack,Neuroticism
grieving,Neuroticism
be_intimate,Neuroticism
moderate,Neuroticism
shivering,Neuroticism
compose,Neuroticism
tactile_sensation,Neuroticism
danger,Neuroticism
sharpen,Neuroticism
litigate,Neuroticism
amazing,Neuroticism
crucial,Neuroticism
strange,Neuroticism
guy,Neuroticism
set_on,Neuroticism
sadness,Neuroticism
system,Neuroticism
intelligence,Neuroticism
squall,Neuroticism
pitiful,Neuroticism
turn,Neuroticism
inflame,Neuroticism
cushion,Neuroticism
outcry,Neuroticism
lay_on_the_line,Neuroticism
barque,Neuroticism
father,Neuroticism
go_on,Neuroticism
minute,Neuroticism
ridicule,Neuroticism
god,Neuroticism
carry_through,Neuroticism
anticipate,Neuroticism
burning,Neuroticism
struggle,Neuroticism
stopping_point,Neuroticism
sight,Neuroticism
belief,Neuroticism
skin,Neuroticism
Clarence_Day,Neuroticism
forget,Neuroticism
chase,Neuroticism
sustain,Neuroticism
baffle,Neuroticism
draw,Neuroticism
phone,Neuroticism
finish,Neuroticism
reassure,Neuroticism
beat,Neuroticism
stricken,Neuroticism
take_part,Neuroticism
domain,Neuroticism
amount,Neuroticism
scandalize,Neuroticism
condition,Neuroticism
domiciliate,Neuroticism
count,Neuroticism
prison_term,Neuroticism
get_the_better_of,Neuroticism
astonish,Neuroticism
delineation,Neuroticism
pop,Neuroticism
luck,Neuroticism
light,Neuroticism
recognize,Neuroticism
skilful,Neuroticism
pay_back,Neuroticism
name,Neuroticism
approach,Neuroticism
consider,Neuroticism
sentry,Neuroticism
background_signal,Neuroticism
old,Neuroticism
avail,Neuroticism
adventure,Neuroticism
Menachem_Begin,Neuroticism
astonishing,Neuroticism
focusing,Neuroticism
commove,Neuroticism
foregather,Neuroticism
fulfil,Neuroticism
bereft,Neuroticism
bewilder,Neuroticism
direction,Neuroticism
custody,Neuroticism
draw_together,Neuroticism
choke,Neuroticism
throw_in,Neuroticism
operation,Neuroticism
possess,Neuroticism
course_of_instruction,Neuroticism
chosen,Neuroticism
visit,Neuroticism
give_chase,Neuroticism
harbor,Neuroticism
narrative,Neuroticism
honest,Neuroticism
arrest,Neuroticism
heating_plant,Neuroticism
ram,Neuroticism
cognitive_process,Neuroticism
fight,Neuroticism
picket,Neuroticism
fling,Neuroticism
assuredness,Neuroticism
painting,Neuroticism
expect,Neuroticism
belong,Neuroticism
Twin,Neuroticism
focus,Neuroticism
claim,Neuroticism
lose,Neuroticism
face,Neuroticism
field,Neuroticism
four_hours,Neuroticism
hound,Neuroticism
fight_down,Neuroticism
routine,Neuroticism
skin_senses,Neuroticism
crusade,Neuroticism
think,Neuroticism
unity,Neuroticism
finger,Neuroticism
fill_in,Neuroticism
tactile_property,Neuroticism
assure,Neuroticism
mental_picture,Neuroticism
composition,Neuroticism
dreaded,Neuroticism
fire_up,Neuroticism
doss_down,Neuroticism
procedure,Neuroticism
facilitate,Neuroticism
ease_up,Neuroticism
lady_friend,Neuroticism
shiver,Neuroticism
predominate,Neuroticism
putting_to_death,Neuroticism
stupefy,Neuroticism
survive,Neuroticism
looking,Neuroticism
project,Neuroticism
division,Neuroticism
click,Neuroticism
horrid,Neuroticism
cause,Neuroticism
close_down,Neuroticism
overhaul,Neuroticism
center,Neuroticism
piece_of_writing,Neuroticism
hint,Neuroticism
conclude,Neuroticism
lofty,Neuroticism
dread,Neuroticism
gamble,Neuroticism
guard,Neuroticism
fuck,Neuroticism
destiny,Neuroticism
situated,Neuroticism
draw_a_blank,Neuroticism
cool_down,Neuroticism
contract,Neuroticism
soft,Neuroticism
skillful,Neuroticism
adjudicate,Neuroticism
bunch,Neuroticism
outrageous,Neuroticism
semen,Neuroticism
fille,Neuroticism
airless,Neuroticism
cat,Neuroticism
charge,Neuroticism
froid,Neuroticism
practiced,Neuroticism
concur,Neuroticism
tower,Neuroticism
obtain,Neuroticism
in_force,Neuroticism
clench,Neuroticism
bond,Neuroticism
oestrus,Neuroticism
floor,Neuroticism
link_up,Neuroticism
roast,Neuroticism
boob_tube,Neuroticism
bury,Neuroticism
fleur,Neuroticism
clutches,Neuroticism
awful,Neuroticism
centering,Neuroticism
school_day,Neuroticism
wishing,Neuroticism
oeuvre,Neuroticism
field_of_study,Neuroticism
cargo_deck,Neuroticism
pertain,Neuroticism
run_into,Neuroticism
weep,Neuroticism
account,Neuroticism
woodworking_plane,Neuroticism
suppose,Neuroticism
shock_absorber,Neuroticism
come,Neuroticism
take_in,Neuroticism
get_laid,Neuroticism
enter,Neuroticism
go_forth,Neuroticism
good_deal,Neuroticism
secure,Neuroticism
similitude,Neuroticism
course,Neuroticism
conceive,Neuroticism
pen,Neuroticism
render,Neuroticism
work_out,Neuroticism
commend,Neuroticism
flag,Neuroticism
withstand,Neuroticism
speak,Neuroticism
full,Neuroticism
leave_office,Neuroticism
Call,Neuroticism
issue,Neuroticism
believe,Neuroticism
recognise,Neuroticism
hazard,Neuroticism
take_chances,Neuroticism
recede,Neuroticism
attack,Neuroticism
school,Neuroticism
hoi_polloi,Neuroticism
add_up,Neuroticism
fall_by_the_wayside,Neuroticism
syndicate,Neuroticism
plump,Neuroticism
reassuring,Neuroticism
separate,Neuroticism
receive,Neuroticism
drop_a_line,Neuroticism
regret,Neuroticism
dash,Neuroticism
commodity,Neuroticism
blow_out_of_the_water,Neuroticism
event,Neuroticism
heap,Neuroticism
operate,Neuroticism
unspoilt,Neuroticism
come_to,Neuroticism
mob,Neuroticism
fourth_dimension,Neuroticism
history,Neuroticism
peerless,Neuroticism
arrant,Neuroticism
friend,Neuroticism
complete,Neuroticism
faithful,Neuroticism
signature,Neuroticism
spate,Neuroticism
planetary_house,Neuroticism
secretive,Neuroticism
watchword,Neuroticism
Day,Neuroticism
fulfill,Neuroticism
making_love,Neuroticism
circle,Neuroticism
perplex,Neuroticism
electric_shock,Neuroticism
leave_of_absence,Neuroticism
pridefulness,Neuroticism
second_gear,Neuroticism
present_moment,Neuroticism
reckon,Neuroticism
tv,Neuroticism
view,Neuroticism
love,Neuroticism
see,Neuroticism
drop_by_the_wayside,Neuroticism
Modern,Neuroticism
beneficial,Neuroticism
good_turn,Neuroticism
assemble,Neuroticism
alien,Neuroticism
keep_an_eye_on,Neuroticism
cargo_area,Neuroticism
raw,Neuroticism
look_on,Neuroticism
unaired,Neuroticism
form,Neuroticism
fight_back,Neuroticism
good,Neuroticism
generate,Neuroticism
telecasting,Neuroticism
exposure,Neuroticism
run_across,Neuroticism
make,Neuroticism
converge,Neuroticism
orbit,Neuroticism
champion,Neuroticism
gross,Neuroticism
flying_field,Neuroticism
die,Neuroticism
take_a_chance,Neuroticism
news,Neuroticism
authorship,Neuroticism
scout,Neuroticism
exercise,Neuroticism
unrivalled,Neuroticism
wassail,Neuroticism
cry_out,Neuroticism
taradiddle,Neuroticism
burn_mark,Neuroticism
outrage,Neuroticism
matchless,Neuroticism
assail,Neuroticism
lifetime,Neuroticism
feel,Neuroticism
intend,Neuroticism
postponement,Neuroticism
salve,Neuroticism
figure,Neuroticism
single,Neuroticism
touching,Neuroticism
talk,Neuroticism
twinned,Neuroticism
wait,Neuroticism
bounder,Neuroticism
heeled,Neuroticism
schooling,Neuroticism
excited,Neuroticism
try_out,Neuroticism
go_away,Neuroticism
identification_number,Neuroticism
terrorism,Neuroticism
glow,Neuroticism
television_set,Neuroticism
bequeath,Neuroticism
utter,Neuroticism
conjoin,Neuroticism
work_on,Neuroticism
know,Neuroticism
materialize,Neuroticism
privation,Neuroticism
downplay,Neuroticism
Nox,Neuroticism
effect,Neuroticism
frightening,Neuroticism
run_short,Neuroticism
risk,Neuroticism
heart,Neuroticism
trace,Neuroticism
scene,Neuroticism
mouth,Neuroticism
flick,Neuroticism
support,Neuroticism
loom,Neuroticism
vex,Neuroticism
playing_area,Neuroticism
ripe,Neuroticism
partake,Neuroticism
focalize,Neuroticism
snug,Neuroticism
impression,Neuroticism
walkway,Neuroticism
unify,Neuroticism
call_on,Neuroticism
mint,Neuroticism
enjoy,Neuroticism
come_together,Neuroticism
arrive,Neuroticism
tie,Neuroticism
penny,Neuroticism
erotic_love,Neuroticism
rallying_cry,Neuroticism
verbalise,Neuroticism
airplane,Neuroticism
exploit,Neuroticism
have_intercourse,Neuroticism
aspect,Neuroticism
cultivate,Neuroticism
onrush,Neuroticism
flat,Neuroticism
look,Neuroticism
put_up,Neuroticism
iron,Neuroticism
grief,Neuroticism
proud,Neuroticism
cauterize,Neuroticism
end,Neuroticism
cognise,Neuroticism
offend,Neuroticism
economic_class,Neuroticism
keep,Neuroticism
perfect,Neuroticism
flagstone,Neuroticism
report,Neuroticism
plain,Neuroticism
undecomposed,Neuroticism
New,Neuroticism
estrus,Neuroticism
get_out,Neuroticism
pinch,Neuroticism
wienerwurst,Neuroticism
ease_off,Neuroticism
encounter,Neuroticism
allude,Neuroticism
knead,Neuroticism
writing,Neuroticism
tattle,Neuroticism
dyed,Neuroticism
contact,Neuroticism
ally,Neuroticism
move_around,Neuroticism
charge_up,Neuroticism
dye,Neuroticism
booster,Neuroticism
socialise,Neuroticism
originative,Neuroticism
take_leave,Neuroticism
crawfish,Neuroticism
Grecian,Neuroticism
cool,Neuroticism
confine,Neuroticism
sprain,Neuroticism
heat,Neuroticism
preserve,Neuroticism
call_option,Neuroticism
agitate,Neuroticism
sang,Neuroticism
declare,Neuroticism
consummate,Neuroticism
couple,Neuroticism
blank_out,Neuroticism
finale,Neuroticism
missy,Neuroticism
tightlipped,Neuroticism
need,Neuroticism
get_down,Neuroticism
change_by_reversal,Neuroticism
aid,Neuroticism
guess,Neuroticism
chuck_up_the_sponge,Neuroticism
campaign,Neuroticism
theatre,Neuroticism
get_over,Neuroticism
push,Neuroticism
conform_to,Neuroticism
strain,Neuroticism
ring,Neuroticism
shudder,Neuroticism
snuff_it,Neuroticism
relieve,Neuroticism
focussing,Neuroticism
emotional,Neuroticism
bring_through,Neuroticism
supporter,Neuroticism
kinfolk,Neuroticism
sorority,Neuroticism
endeavour,Neuroticism
quit,Neuroticism
stuffy,Neuroticism
run,Neuroticism
attend,Neuroticism
scram,Neuroticism
affect,Neuroticism
relinquish,Neuroticism
sexual_love,Neuroticism
easy,Neuroticism
unknown,Neuroticism
await,Neuroticism
shave,Neuroticism
body_politic,Neuroticism
shut,Neuroticism
eyeball,Neuroticism
background,Neuroticism
ejaculate,Neuroticism
assistance,Neuroticism
area,Neuroticism
veneration,Neuroticism
term,Neuroticism
retirement,Neuroticism
song,Neuroticism
match,Neuroticism
merge,Neuroticism
ruefulness,Neuroticism
let,Neuroticism
novel,Neuroticism
blab_out,Neuroticism
ground,Neuroticism
lecture,Neuroticism
stratum,Neuroticism
vociferation,Neuroticism
bid,Neuroticism
backyard,Neuroticism
do_it,Neuroticism
slow,Neuroticism
act_of_terrorism,Neuroticism
hold_up,Neuroticism
fellowship,Neuroticism
the_great_unwashed,Neuroticism
civilize,Neuroticism
give_up,Neuroticism
tone,Neuroticism
beginning,Neuroticism
miss,Neuroticism
capture,Neuroticism
tactual_sensation,Neuroticism
dog,Neuroticism
sheet,Neuroticism
eye,Neuroticism
level,Neuroticism
catch,Neuroticism
exit,Neuroticism
endorsement,Neuroticism
assay,Neuroticism
laugh_at,Neuroticism
exclaim,Neuroticism
talking,Neuroticism
go_bad,Neuroticism
salute,Neuroticism
coolheaded,Neuroticism
relate,Neuroticism
get_going,Neuroticism
unmatched,Neuroticism
expire,Neuroticism
blend_in,Neuroticism
incinerate,Neuroticism
scheme,Neuroticism
retreat,Neuroticism
number,Neuroticism
help,Neuroticism
last,Neuroticism
conclusion,Neuroticism
consume,Neuroticism
shake,Neuroticism
flock,Neuroticism
tail,Neuroticism
backcloth,Neuroticism
cry,Neuroticism
plenty,Neuroticism
union,Neuroticism
leave_behind,Neuroticism
gate,Neuroticism
do,Neuroticism
deliver,Neuroticism
press,Neuroticism
band,Neuroticism
subject,Neuroticism
one,Neuroticism
crop,Neuroticism
chemical_bond,Neuroticism
judge,Neuroticism
fold,Neuroticism
rue,Neuroticism
phratry,Neuroticism
in_effect,Neuroticism
plight,Neuroticism
traumatise,Neuroticism
frump,Neuroticism
touch,Neuroticism
prosperous,Neuroticism
kinsfolk,Neuroticism
field_of_battle,Neuroticism
spill_the_beans,Neuroticism
carry,Neuroticism
fib,Neuroticism
significant,Neuroticism
vigil,Neuroticism
pass,Neuroticism
life_history,Neuroticism
depart,Neuroticism
trade_good,Neuroticism
kill,Neuroticism
maintain,Neuroticism
awesome,Neuroticism
heat_up,Neuroticism
Gemini,Neuroticism
picture_show,Neuroticism
rifle,Neuroticism
killing,Neuroticism
sunburn,Neuroticism
adoration,Neuroticism
oppose,Neuroticism
have,Neuroticism
call_out,Neuroticism
clock_time,Neuroticism
change_state,Neuroticism
storey,Neuroticism
clangour,Neuroticism
case,Neuroticism
droop,Neuroticism
hold,Neuroticism
scream,Neuroticism
congratulate,Neuroticism
playing_field,Neuroticism
roll_in_the_hay,Neuroticism
film,Neuroticism
tug,Neuroticism
concern,Neuroticism
parallel,Neuroticism
phone_call,Neuroticism
bring_forth,Neuroticism
hold_fast,Neuroticism
pose,Neuroticism
passion,Neuroticism
treat,Neuroticism
time,Neuroticism
horrendous,Neuroticism
touch_modality,Neuroticism
leave_alone,Neuroticism
street,Neuroticism
shackle,Neuroticism
essay,Neuroticism
release,Neuroticism
of_import,Neuroticism
endure,Neuroticism
numeral,Neuroticism
make_unnecessary,Neuroticism
handle,Neuroticism
aplomb,Neuroticism
parting,Neuroticism
combust,Neuroticism
firm,Neuroticism
hold_out,Neuroticism
sorrowfulness,Neuroticism
Twin_Falls,Neuroticism
disturb,Neuroticism
mystify,Neuroticism
facial_expression,Neuroticism
praise,Neuroticism
remembering,Neuroticism
heating_system,Neuroticism
oculus,Neuroticism
effective,Neuroticism
skinny,Neuroticism
lis,Neuroticism
portion,Neuroticism
rivet,Neuroticism
offer,Neuroticism
book,Neuroticism
bed,Neuroticism
blast,Neuroticism
newsworthiness,Neuroticism
hear,Neuroticism
handgrip,Neuroticism
upshot,Neuroticism
step_down,Neuroticism
equal,Neuroticism
break,Neuroticism
unexampled,Neuroticism
jolt,Neuroticism
move,Neuroticism
exauste,Neuroticism
night,Neuroticism
Hellenic,Neuroticism
creative,Neuroticism
secondment,Neuroticism
civilise,Neuroticism
spirit,Neuroticism
contend,Neuroticism
overcome,Neuroticism
chronicle,Neuroticism
hero,Neuroticism
clock,Neuroticism
search,Neuroticism
rival,Neuroticism
do_work,Neuroticism
examine,Neuroticism
satisfy,Neuroticism
stir,Neuroticism
spare,Neuroticism
liveliness,Neuroticism
upright,Neuroticism
closelipped,Neuroticism
daily,Neuroticism
numerate,Neuroticism
control,Neuroticism
terminus,Neuroticism
ghost,Neuroticism
2nd,Neuroticism
trust,Neuroticism
scope,Neuroticism
commence,Neuroticism
engender,Neuroticism
fit,Neuroticism
appear,Neuroticism
bit,Neuroticism
bailiwick,Neuroticism
watch,Neuroticism
foretell,Neuroticism
pay_off,Neuroticism
ecstasy,Neuroticism
moving_picture,Neuroticism
ferment,Neuroticism
live,Neuroticism
defy,Neuroticism
junction,Neuroticism
descend,Neuroticism
attempt,Neuroticism
classify,Neuroticism
reach,Neuroticism
employment,Neuroticism
television,Neuroticism
toast,Neuroticism
day_by_day,Neuroticism
tinge,Neuroticism
sidereal_day,Neuroticism
drink,Neuroticism
fixed,Neuroticism
train,Neuroticism
action,Neuroticism
appal,Neuroticism
base_on_balls,Neuroticism
hope,Neuroticism
fill_up,Neuroticism
advert,Neuroticism
looking_at,Neuroticism
unite,Neuroticism
birdsong,Neuroticism
crash,Neuroticism
authoritative,Neuroticism
instructor,Neuroticism
closing,Neuroticism
ingest,Neuroticism
have_got,Neuroticism
refer,Neuroticism
topic,Neuroticism
hug_drug,Neuroticism
mourn,Neuroticism
meter,Neuroticism
menage,Neuroticism
drive,Neuroticism
bechance,Neuroticism
own,Neuroticism
concentre,Neuroticism
picture,Neuroticism
worship,Neuroticism
schooltime,Neuroticism
body_of_work,Neuroticism
result,Neuroticism
take_the_air,Neuroticism
family_unit,Neuroticism
fail,Neuroticism
conflict,Neuroticism
cad,Neuroticism
telephone_call,Neuroticism
smash,Neuroticism
nation,Neuroticism
taste,Neuroticism
bring_together,Neuroticism
everlasting,Neuroticism
manner_of_walking,Neuroticism
throw,Neuroticism
multitude,Neuroticism
erstwhile,Neuroticism
disappoint,Neuroticism
tight,Neuroticism
mourning,Neuroticism
alliance,Neuroticism
process,Neuroticism
find,Neuroticism
cheeseparing,Neuroticism
babble_out,Neuroticism
stop,Neuroticism
dark,Neuroticism
cognize,Neuroticism
calculate,Neuroticism
master,Neuroticism
locomote,Neuroticism
nail,Neuroticism
biography,Neuroticism
planer,Neuroticism
closing_curtain,Neuroticism
snipe,Neuroticism
safe,Neuroticism
bind,Neuroticism
grasp,Neuroticism
irregular,Neuroticism
fall,Neuroticism
crime_syndicate,Neuroticism
entertain,Neuroticism
hideous,Neuroticism
unrestrained,Neuroticism
discharge,Neuroticism
newfangled,Neuroticism
sign_of_the_zodiac,Neuroticism
break_down,Neuroticism
shape,Neuroticism
test,Neuroticism
convey,Neuroticism
thing,Neuroticism
find_out,Neuroticism
fresh,Neuroticism
crack,Neuroticism
play_down,Neuroticism
mould,Neuroticism
word_picture,Neuroticism
harbour,Neuroticism
spell,Neuroticism
shoal,Neuroticism
defeat,Neuroticism
entrust,Neuroticism
hollo,Neuroticism
walk,Neuroticism
come_in,Neuroticism
glad,Neuroticism
class,Neuroticism
go_out,Neuroticism
discipline,Neuroticism
attachment,Neuroticism
gelidity,Neuroticism
incur,Neuroticism
Carry_Amelia_Moore_Nation,Neuroticism
warmth,Neuroticism
kin,Neuroticism
agree,Neuroticism
life,Neuroticism
study,Neuroticism
unmatchable,Neuroticism
call_in,Neuroticism
round,Neuroticism
year,Neuroticism
set_out,Neuroticism
fearsome,Neuroticism
clutch,Neuroticism
motion_picture,Neuroticism
salutary,Neuroticism
Quaker,Neuroticism
seismic_disturbance,Neuroticism
fuck_off,Neuroticism
buy_the_farm,Neuroticism
iris,Neuroticism
lamentable,Neuroticism
mislay,Neuroticism
restrain,Neuroticism
cognitive_operation,Neuroticism
nurse,Neuroticism
bout,Neuroticism
appall,Neuroticism
unrivaled,Neuroticism
shout_out,Neuroticism
house,Neuroticism
derive,Neuroticism
assault,Neuroticism
country,Neuroticism
pull_back,Neuroticism
opinion,Neuroticism
bite,Neuroticism
helpful,Neuroticism
want,Neuroticism
terrorist_act,Neuroticism
heel,Neuroticism
fire,Neuroticism
adhere,Neuroticism
backdrop,Neuroticism
rib,Neuroticism
wrench,Neuroticism
connect,Neuroticism
respectable,Neuroticism
citizenry,Neuroticism
towboat,Neuroticism
news_report,Neuroticism
playfulness,Neuroticism
unitary,Neuroticism
experience,Neuroticism
penning,Neuroticism
attach,Neuroticism
chill,Neuroticism
landing_field,Neuroticism
subdue,Neuroticism
unspoiled,Neuroticism
let_down,Neuroticism
materialise,Neuroticism
pair,Neuroticism
grieve,Neuroticism
concluded,Neuroticism
narration,Neuroticism
think_of,Neuroticism
counterpart,Neuroticism
field_of_view,Neuroticism
high_temperature,Neuroticism
lifespan,Neuroticism
sorrow,Neuroticism
setting,Neuroticism
subject_field,Neuroticism
indorse,Neuroticism
risk_of_infection,Neuroticism
clash,Neuroticism
competitiveness,Neuroticism
lot,Neuroticism
quite_a_little,Neuroticism
fitting,Neuroticism
war_cry,Neuroticism
everyday,Neuroticism
concenter,Neuroticism
suffer,Neuroticism
mother,Neuroticism
flak,Neuroticism
seek,Neuroticism
wreck,Neuroticism
arouse,Neuroticism
notion,Neuroticism
wreak,Neuroticism
iciness,Neuroticism
battle,Neuroticism
predict,Neuroticism
withdraw,Neuroticism
tale,Neuroticism
Julian_Bond,Neuroticism
foreswear,Neuroticism
greek,Neuroticism
fill,Neuroticism
daylight,Neuroticism
onset,Neuroticism
concentrate,Neuroticism
sire,Neuroticism
hotness,Neuroticism
become,Neuroticism
characterization,Neuroticism
hail,Neuroticism
off,Neuroticism
duplicate,Neuroticism
battle_cry,Neuroticism
indite,Neuroticism
hold_in,Neuroticism
unusual,Neuroticism
prioroty,Neuroticism
halt,Neuroticism
cogitate,Neuroticism
lead,Neuroticism
crawfish_out,Neuroticism
stranger,Neuroticism
awe,Neuroticism
burn,Neuroticism
admit,Neuroticism
peck,Neuroticism
lack,Neuroticism
guy_cable,Neuroticism
awing,Neuroticism
bend,Neuroticism
beget,Neuroticism
hatful,Neuroticism
gather,Neuroticism
jeopardy,Neuroticism
girl,Neuroticism
focal_point,Neuroticism
forgetting,Neuroticism
call_up,Neuroticism
